--
-- PostgreSQL database dump
--

-- Dumped from database version 12.5
-- Dumped by pg_dump version 12.5

SET statement_timeout = 0;
SET lock_timeout = 0;
SET idle_in_transaction_session_timeout = 0;
SET client_encoding = 'UTF8';
SET standard_conforming_strings = on;
SELECT pg_catalog.set_config('search_path', '', false);
SET check_function_bodies = false;
SET xmloption = content;
SET client_min_messages = warning;
SET row_security = off;

SET default_tablespace = '';

SET default_table_access_method = heap;

--
-- Name: alembic_version; Type: TABLE; Schema: public; Owner: sydney
--

CREATE TABLE public.alembic_version (
    version_num character varying(32) NOT NULL
);


ALTER TABLE public.alembic_version OWNER TO sydney;

--
-- Name: book_images; Type: TABLE; Schema: public; Owner: sydney
--

CREATE TABLE public.book_images (
    id integer NOT NULL,
    filename character varying NOT NULL,
    book_id integer NOT NULL
);


ALTER TABLE public.book_images OWNER TO sydney;

--
-- Name: book_images_id_seq; Type: SEQUENCE; Schema: public; Owner: sydney
--

CREATE SEQUENCE public.book_images_id_seq
    AS integer
    START WITH 1
    INCREMENT BY 1
    NO MINVALUE
    NO MAXVALUE
    CACHE 1;


ALTER TABLE public.book_images_id_seq OWNER TO sydney;

--
-- Name: book_images_id_seq; Type: SEQUENCE OWNED BY; Schema: public; Owner: sydney
--

ALTER SEQUENCE public.book_images_id_seq OWNED BY public.book_images.id;


--
-- Name: books; Type: TABLE; Schema: public; Owner: sydney
--

CREATE TABLE public.books (
    id integer NOT NULL,
    title character varying,
    author character varying,
    user_id integer NOT NULL
);


ALTER TABLE public.books OWNER TO sydney;

--
-- Name: books_id_seq; Type: SEQUENCE; Schema: public; Owner: sydney
--

CREATE SEQUENCE public.books_id_seq
    AS integer
    START WITH 1
    INCREMENT BY 1
    NO MINVALUE
    NO MAXVALUE
    CACHE 1;


ALTER TABLE public.books_id_seq OWNER TO sydney;

--
-- Name: books_id_seq; Type: SEQUENCE OWNED BY; Schema: public; Owner: sydney
--

ALTER SEQUENCE public.books_id_seq OWNED BY public.books.id;


--
-- Name: pages; Type: TABLE; Schema: public; Owner: sydney
--

CREATE TABLE public.pages (
    id integer NOT NULL,
    page_number integer NOT NULL,
    page_content text,
    book_id integer NOT NULL
);


ALTER TABLE public.pages OWNER TO sydney;

--
-- Name: pages_id_seq; Type: SEQUENCE; Schema: public; Owner: sydney
--

CREATE SEQUENCE public.pages_id_seq
    AS integer
    START WITH 1
    INCREMENT BY 1
    NO MINVALUE
    NO MAXVALUE
    CACHE 1;


ALTER TABLE public.pages_id_seq OWNER TO sydney;

--
-- Name: pages_id_seq; Type: SEQUENCE OWNED BY; Schema: public; Owner: sydney
--

ALTER SEQUENCE public.pages_id_seq OWNED BY public.pages.id;


--
-- Name: users; Type: TABLE; Schema: public; Owner: sydney
--

CREATE TABLE public.users (
    id integer NOT NULL,
    email character varying NOT NULL,
    password character varying NOT NULL
);


ALTER TABLE public.users OWNER TO sydney;

--
-- Name: users_id_seq; Type: SEQUENCE; Schema: public; Owner: sydney
--

CREATE SEQUENCE public.users_id_seq
    AS integer
    START WITH 1
    INCREMENT BY 1
    NO MINVALUE
    NO MAXVALUE
    CACHE 1;


ALTER TABLE public.users_id_seq OWNER TO sydney;

--
-- Name: users_id_seq; Type: SEQUENCE OWNED BY; Schema: public; Owner: sydney
--

ALTER SEQUENCE public.users_id_seq OWNED BY public.users.id;


--
-- Name: book_images id; Type: DEFAULT; Schema: public; Owner: sydney
--

ALTER TABLE ONLY public.book_images ALTER COLUMN id SET DEFAULT nextval('public.book_images_id_seq'::regclass);


--
-- Name: books id; Type: DEFAULT; Schema: public; Owner: sydney
--

ALTER TABLE ONLY public.books ALTER COLUMN id SET DEFAULT nextval('public.books_id_seq'::regclass);


--
-- Name: pages id; Type: DEFAULT; Schema: public; Owner: sydney
--

ALTER TABLE ONLY public.pages ALTER COLUMN id SET DEFAULT nextval('public.pages_id_seq'::regclass);


--
-- Name: users id; Type: DEFAULT; Schema: public; Owner: sydney
--

ALTER TABLE ONLY public.users ALTER COLUMN id SET DEFAULT nextval('public.users_id_seq'::regclass);


--
-- Data for Name: alembic_version; Type: TABLE DATA; Schema: public; Owner: sydney
--

COPY public.alembic_version (version_num) FROM stdin;
8d3afe54c529
\.


--
-- Data for Name: book_images; Type: TABLE DATA; Schema: public; Owner: sydney
--

COPY public.book_images (id, filename, book_id) FROM stdin;
\.


--
-- Data for Name: books; Type: TABLE DATA; Schema: public; Owner: sydney
--

COPY public.books (id, title, author, user_id) FROM stdin;
1	User-friendly maximized approach	Joshua Fowler	5
2	Down-sized exuding system engine	Jessica Norris	4
3	Horizontal next generation neural-net	Emily Jackson	2
4	Optimized web-enabled portal	Maxwell Spencer	4
5	Sharable local hardware	Allen Hall	1
6	Programmable regional architecture	Cynthia Hebert	1
7	Robust object-oriented moderator	Denise Garrison	1
8	Fully-configurable incremental framework	Barbara Waller	1
9	Advanced needs-based conglomeration	Ronald Christensen	2
10	Triple-buffered value-added superstructure	Eddie Henry	1
11	Extended high-level hierarchy	Donald Rivera	2
12	Profound upward-trending approach	Paul Davis	2
13	Intuitive high-level groupware	Donald Peterson	4
14	Focused encompassing hub	Erin Parker	1
15	Upgradable radical forecast	Allen Rhodes	3
16	Innovative analyzing hierarchy	Tyler Dean	2
17	Reduced needs-based data-warehouse	Dakota Jones	5
18	Exclusive scalable Local Area Network	Deborah Hamilton	3
19	Cloned dynamic info-mediaries	Ashley Hawkins	2
20	Realigned mission-critical projection	Melissa Moore	2
\.


--
-- Data for Name: pages; Type: TABLE DATA; Schema: public; Owner: sydney
--

COPY public.pages (id, page_number, page_content, book_id) FROM stdin;
1	256	Fly once week way church likely. Politics then must at. State because play policy.\nCrime especially left can. Exactly prepare money able growth reveal son company. Thank eat five create available writer manage.\nMajor answer quite health yes law. Still know movie score director statement.\nStudent attack career sign unit. Senior order evidence ready finish begin a.\nBecause none guy natural herself bit south. Top ability sing speech voice character evidence federal. Size lay pay bill four style. Between recent teach imagine follow.\nAlso mind politics behavior.\nDraw surface design off into section drug language. Of development get significant kind above everything.\nNatural available for however across full mission. Stay thus whatever despite meet material level.\nFive cost especially. Feel central PM production pull use specific. Everyone account glass entire offer collection soon.\nSouthern whose everyone civil huge foreign. Level consider him we protect.\nLeg nice help machine worker yeah. Daughter hear sing sign friend. Growth note read.\nHotel fear last term run. Live practice avoid too exist. Husband will sister evening bring role.\nOk series herself. Early work which buy beyond. Per summer play such boy among.\nTraining wonder ten guess nearly leader value key. Possible area trouble every article beautiful.\nBudget get laugh give finally speech. Indicate American pressure phone state exist. Kind key new phone especially sound food.	1
2	190	Lot provide see young front page success. Who smile drug manager one fire green all.\nStar you top. Common party show until sign man send me.\nTend easy company read really our. Sometimes walk western economic. Animal glass couple off Mr.\nThird score conference space military. But table whose water factor issue. Line every fly class team chair east.\nThemselves develop since international almost worry than. Amount north who middle. Should magazine natural Mrs.\nTraining customer detail Mrs policy beautiful official both. Approach anything economy dog number fast forward.\nEnergy radio right soldier. Listen several enjoy represent arm radio recently.\nLater question us pretty letter fish. Sell third its rule page pretty hit.\nHealth scene effort. Involve mean tough network. Group program year operation fall war cold Democrat.\nSay next behind others become.\nQuickly community can result whether. Feeling and run much since. System environment pretty know paper participant teach.\nMission table article seat fall win fine hard. Own get exist century skill under.\nCulture again their still level hand enter. Research eat leg wear whose capital.\nTerm which common support. Go poor herself chance experience money employee.\nMain person party maybe too until hit. Senior college language else learn court impact.\nAddress action question care recent until different administration. Decide clearly ok quality fast some campaign.	5
3	34	Individual hot there statement large investment. Past fall company. Fish my car offer ok.\nPeace white station science point role positive. Card think commercial. Interesting agree specific shake same determine.\nHotel alone wide. Hair born bad as film security because. Believe teacher generation.\nDiscuss process explain thank tend prove person. Mind local friend but south structure somebody.\nLife lose indeed culture rich community thousand mission. Today fly term opportunity.\nTreat scene dark put common. Weight blood trade indeed south. Than dream painting war within.\nHear walk able father country this. Happen media life next. She meeting goal these owner increase idea.\nAvoid message hundred season. Strategy anyone phone safe performance style. At citizen deal. Society scene outside view health black address.\nSomebody run follow two pick conference world. Section next federal local.\nMillion let ok nature soldier. Child million focus team agreement morning.\nOfficer happen raise. Nice summer green building take. Before make series on policy.\nBuilding bar great side minute anyone. Operation run team young her some election. Establish person this purpose person development. Long use reduce.\nSeem born give score worker. Test play past pressure.\nStar at sit film agent hear. Six list trouble upon many standard week.\nNatural fly garden crime must father. Although vote get. Share across company sister hit finish fine. Think treatment later finish force.	10
4	54	Issue present worry firm group agency.\nShow worker example maintain mission. Surface cover type yet forward. Environmental less dream argue seven degree.\nNumber key couple. Situation involve alone offer.\nMany tell card. Machine process drive respond shake. Sing issue whole teach.\nDescribe explain force tonight trial guess rich. Any from message upon message toward.\nNorth decade beat. Only outside resource summer. Summer assume phone prevent mention man else.\nNone up whose. Safe star exactly require activity six.\nOn rise word value money plant. Week address eye forward physical.\nParticularly meeting all. The care lay effect political together. Upon left surface you. Actually population middle benefit common.\nLater view general entire soon. Pay support face and student whom present significant.\nNetwork vote song simple involve computer. A remain building cultural today keep television. Town hold born idea list generation himself.\nGreen history support air. Describe collection side actually still concern cultural.\nWish perhaps class. Administration word final statement nation customer common.\nImprove job thus age. Mission particular sign provide hour perhaps.\nCapital author them design movie book last. Hit begin develop single think. Man food girl health easy gun act.\nScientist rest myself reduce seem entire. Among keep share sit.\nSport with simple environment sing explain. Hospital effort wrong human movement think certain. Government support two only.	9
5	107	Leave foot argue serious half. Prevent wear decade cover take economy. Before news parent win oil look choose. Usually cut with mission answer throughout either.\nBeyond Mrs gas subject book. Stand whom to strategy too produce us. Four million want north another.\nScientist federal ask size behavior. Form his research citizen. Condition later computer measure member civil.\nCover its rest toward knowledge. Author argue expect price.\nGrowth effort ball machine. Remember official gas become. Run ground check.\nGirl part difference season.\nStory position yeah everyone. Exist I lay collection follow forget still. Near provide arm black.\nActually too amount field. Until plant by one.\nReality line Mrs nature large rich near. Drop might play spring.\nSenior cultural such animal market career this. East the partner cell natural away report get.\nHalf cause pick paper find civil. The stock film not national remember. Particular choose catch how arrive forward parent.\nCivil six within trade thank Republican since. Top security yes chance discover great message.\nNeed eight present recently top wife bed. Control concern maintain relate hand total painting set. Leg into defense lawyer political fly speak natural.\nChild few tonight try music improve owner. Past miss need president music among. Base myself so political successful.\nAdult trip kind per sound ok direction. Country church home nature.\nSingle school voice. Evening rather clear ok maybe price someone face. Deep sell next seat.	18
6	277	Share process seek. Military official significant rule buy main. Beyond three grow necessary out arm commercial and.\nSix over who season wonder source believe yeah. Office read marriage college difference. Positive TV task white parent.\nFull make many without mother about quickly prove. Art establish travel thing may occur.\nSmall economy the thank result. Investment can black ready group argue.\nBest modern smile once agent option occur above. Then before full.\nResearch century kitchen manage computer year movie. Arm somebody score whom.\nHeart offer open walk.\nData trade listen community. Money under party move. Risk thought woman nice bring hundred gas student.\nFoot production upon trip explain without woman. It sometimes visit central. Stop whole occur draw establish leg machine.\nCitizen total question key. Over receive ability away fine report.\nFront reality close sometimes. Over society article think capital such statement.\nInto trial away enter page. Act follow answer much. Quality begin fill line tree.\nWho responsibility feel theory where Democrat figure. Feeling process animal first peace rule.\nAir wide position they. It fact history hit social fund late. Ask write industry economy sea program.\nStill indicate put activity game. Just while college market do writer discuss. Recently professor throughout business series beat.\nForget discover here up provide provide sort. That method both note southern most. Million board traditional lot region describe decide.	7
7	2	Hospital beat or tax health cut physical stage. Eat down age. Hot project market could.\nEnvironmental relationship song money quality short. Pattern seat window commercial live. Describe laugh probably.\nEspecially remain personal still church. From dinner whatever size fall. Police whose expect.\nWord process mention table cut. Image thus office fill employee provide.\nMove argue tell type doctor central rise. Myself attorney newspaper right true teach. Husband want let beautiful me card measure.\nWindow picture popular avoid information method. Within who energy state according important.\nFinal Democrat difficult. Marriage soon edge effort apply head radio. Benefit nor college size brother bit.\nIdentify politics method commercial throw body society. Everybody real reduce without green cell late want. None necessary everything within of voice.\nMovement although next degree wish. Nation Democrat man. Piece quickly little begin high. Seek that show one often message.\nParent condition sign effect.\nImage board wall sound. Occur indeed three.\nTeam staff situation tree you old voice real. Wear himself magazine animal upon kitchen modern moment. Focus send floor view human. Glass follow whom effort media moment father.\nFigure old majority reduce believe or.\nPicture enough reduce plant. Crime audience least join lot toward. Wide general film explain involve challenge.\nWill case ability song. Three central month happen.\nAccording per foot close. We realize assume notice which.	7
8	121	Focus type provide term seem. Money design blue issue opportunity. Include newspaper police gas plant.\nToward sell morning them. Cover then throughout former option create.\nLaugh scientist black debate.\nNation condition never can color. Individual wife leader animal should. Process analysis interesting different even.\nCourse might fill affect energy. Wear discover meeting beyond.\nAuthority entire clearly value to business break. Forget until success dark blue.\nChild character story. Industry choice trade person how administration. Today maybe either wonder sport.\nSee market scientist black beautiful. Something arm consider country organization show.\nWall even accept lead only someone great never. Day inside best star similar.\nDirector take may inside police. Value vote practice test pressure explain. Say beautiful opportunity teach hotel approach local.\nCover occur cup finish account. Really action play attorney tree leave. Short so husband door key example born.\nAnd western career.\nWind agency impact important true really from. Personal program office themselves give several wife benefit.\nPressure whole as as. Center even Mrs door crime toward.\nBetween value add account real language other. Summer hear court write stock method human. At offer that reveal. News with young sister case.\nGarden music carry our dog. Well a why eye cause born public. Understand measure tree top hard young suddenly.	13
9	258	Hold some no society be. Happy subject drive draw political employee writer.\nResearch remember civil pressure authority trade. Continue billion tough heart look ten detail.\nQuality film something east type. Let fight who Mr start pass much. Modern agency our.\nMoment open like lay step little peace. Term old wrong.\nProduct alone citizen hospital high. Seven staff window consider threat. Protect everyone recent weight nearly.\nOption agent give class. Operation care discuss increase even.\nStaff popular college hospital. Top risk program dog garden. Glass they begin lead part message rule. Father student company still sound budget inside.\nWork pull large run wonder. Claim which people blood word participant.\nUnderstand popular sing seven decision threat. Fill democratic also activity less team affect. Real magazine recognize someone of.\nSchool true significant floor. Although yes sister identify term claim. Finish theory trial reflect.\nBecause eye pass focus place. Always deep indicate child without data especially.\nResponsibility within add cup. Single front challenge be get dinner across. Resource glass happen thing.\nEat at yard guy face Republican. Whom factor prove commercial question. Worker what onto.\nAuthor purpose owner school agent. Someone research science light decide. Evening record war opportunity senior.\nHundred person stuff draw music. Entire indicate evening time sign play.	18
10	215	Why realize both. Discuss dark rest skill result wall.\nImpact discover food who particular nation world. Stuff especially human scene agree low right.\nTough yard knowledge can method media any way. Environment shake onto building rise few seek.\nPoor son too feeling different return. Whether matter her impact late.\nOften against page. Seem today point pretty from yard family. Face lead have product return chair. Person feeling event where.\nAfter these drug visit. Pretty court young area. Build college material culture foot.\nHim hear moment meeting.\nAgency leave else cold professor. Mr matter news good movie education why. Investment candidate student realize just least important.\nFriend true list. Quickly simple ball low modern all.\nMaterial structure sit blood indeed either thought safe.\nWriter security either writer. Trial network down raise simply capital across sign. Camera respond when degree.\nLay agency within throughout. Mother rather ever up. Only onto old give record.\nCourse indeed sort research front born painting grow. Rate behind indeed investment know.\nTend per among debate hour. Move dog employee.\nSend mouth stuff. Computer hand wind born standard. Media lead today into man expert.\nResearch fight evidence. Weight environment important red performance either. Sign discussion glass career other. Say visit oil practice whatever water remain beat.\nSeveral continue a natural she power future child. Under back mind face security beyond defense.	2
11	59	Really watch suddenly for. Like ask situation top might look. Entire certainly from wall budget building.\nArgue care size entire sign together. Close set life kitchen medical answer brother. Plan popular offer teach hard young consumer.\nStudy entire already drop concern dinner. Parent vote because cultural wish environmental. Box well check spring suggest east collection.\nFor but woman choose be history live parent. Great involve financial Mr. Drop create floor produce. Against around network move.\nRather hope wonder possible take know no. Fish work plant admit particularly unit bed. Main stay sense green morning.\nTv hear language feeling girl threat class. Fire stuff wonder member population.\nThan notice theory wish choose they center. Market price book watch. Full foreign hope strategy skill.\nElection individual foot seat quality whom. Fund drug single matter team certainly care. Report consumer people fight true.\nPositive physical final maybe attorney. Man picture Democrat international. Economy policy project about.\nAlmost impact sit drug say very performance song. Attention why computer mind speech investment trade first.\nNow serve risk coach back save.\nTo whether shake full ago close relate. Affect paper camera than character hair. Fund table phone. Skin build the herself.\nOnly TV region. Evidence exactly degree news drop machine.\nStory star full son including today. We firm expert sing. Short million best when pressure social.\nShort lot blood democratic remain data.	19
12	40	Police character develop be. Treat either argue chance property realize often. Air discuss across character production beautiful in.\nEntire outside significant south scene degree.\nBefore model politics after become career. Increase forward at including since. Allow above dream important attack position. Everyone check decision suggest customer on leave.\nJoin reason these. Pass cultural front chance idea field.\nCatch long what road network result.\nLeg street imagine edge. Strong clear we service hand level. Grow and image produce along.\nLawyer end special test fall ball successful. Too democratic near amount west increase. Morning arm check rise party from.\nFood town worker give parent. Experience head approach most once value. Court include final form among image he he.\nAddress ready view training through woman finish. Wear including another population life term seat. Your five soon personal away itself black. Term seven role treat.\nArticle town wear give its. Hotel industry class property.\nFinally window town hope citizen administration energy practice. Glass woman meeting past project should. Case every certainly recently hope choose dark.\nSince month special more theory could ball. Three difficult work choose reach still hear. Still team accept. Professor edge offer record population various care hold.\nAbility himself kind recently thing later. Word range check trouble concern soldier opportunity.	4
13	134	Hotel including or house leg he. Realize plant sea energy glass professor hundred. Because point good shake statement enjoy.\nPublic carry draw billion sell. Draw fire audience hundred seek record. Future likely decision individual eye central.\nProve now night every. Black travel for will yet.\nPower reflect just thing story. Reach new as song. Camera sort go travel alone sound.\nThought he serious agree visit age order relate. Surface actually better mission image him however.\nGrow clearly door free look painting career.\nStuff hundred oil Congress sometimes social. Hand season know then company really. Degree lay return radio well.\nDetermine stuff nor buy daughter. Return democratic activity edge power action analysis. Range common mind.\nEarly religious Mr chance live available environmental. Spring contain up effort. Certainly reality wide on cultural listen animal.\nCard worry last buy something. Left manager structure commercial once beyond.\nProduce million write.\nBecause positive room truth Republican cause else. Measure quite organization hit cold catch answer. Number kid interview.\nRead travel eye themselves. Suddenly know build face. Billion safe life data very foreign.\nTree shoulder base defense boy news. Around everybody similar happy field perhaps. Glass just citizen or.\nAble quite young design act race street natural. Win stock audience business.\nFinancial base war sure herself you. Often rather scene evening power service.	18
14	248	Score agreement continue anyone letter simple. House conference north ability large chance.\nMr he bed world keep. Phone current water boy resource chance. Pull time past wrong local too determine production.\nCar wide traditional commercial mean. Eight activity type ball generation. Where big indeed effort election management difficult.\nSite yard answer key at hope. Step information important ball religious. Not identify accept threat market might discuss. Tree ago girl concern behavior.\nWorld although stuff cost reason hospital sometimes.\nComputer conference thing another enter. Do least treat bill watch.\nSomething wall onto certainly base reason project. World medical hold question look political. Item already study reason foot ask body.\nSenior new true between free help end. Consider material save big street southern ready.\nOfficial party father crime join these certain. Message hair require air. College growth wonder.\nRepresent kind apply plant least. Perform employee finish lay. Resource smile as local international firm. Glass also city use court.\nTv laugh key collection. Body voice source short specific guy think able. Important wind half tend man individual politics down.\nThroughout our eight hundred. Miss pull especially new us. Civil conference official walk.\nBody memory traditional. Result election citizen wonder.\nHospital specific direction somebody accept policy cause. Here cultural able hair discussion goal.	2
15	179	Detail time fly present become. Key tend risk decade. Job able contain argue western race culture.\nCentral together clear inside nice. Responsibility democratic chair true or letter management. Trip everyone matter all.\nAround position part wish. Authority focus military Mrs.\nView unit unit she thus view color. Republican maintain day southern. Federal drug investment dream child.\nThere happen possible out benefit. Official talk middle and. Short owner hard tend.\nLive company in teacher Republican such can. Garden church discover determine everyone than alone nation.\nModel realize send. Even range large material.\nCareer ten of. Them town receive enter defense challenge catch. Property share team candidate to end product.\nGreat another measure impact. Those assume mean personal computer part woman her. Family I debate situation.\nOffice west there go. Listen clear my impact now nothing time gas. Pressure able size all beautiful note.\nDecision likely determine quite morning real five at. Event against economic morning. Physical concern rule or thing social.\nThan number not claim born authority. Condition reveal street feel toward ball property generation. Activity point become first.\nMr whatever join window. Team white development hour teach effort. These clear nature bring card other star.\nLess able than contain his pretty question. House senior nation real fear. End strong government partner notice skin early.	19
16	38	Environmental vote thing letter research case growth. Fast degree goal fund after.\nAbility I around leg suggest picture give. Much model meeting center.\nLose political allow institution television sing little.\nProduction buy against. Offer central up since senior. Fill American American bag citizen speak.\nStuff technology something. Group pass material understand.\nScientist purpose clear. Beautiful total clear trial.\nSmile expect third. Treatment risk true education carry can.\nCall agree must develop point his. Leader meet return position price forget. Voice however TV customer public alone.\nJust wonder not especially reveal year. Politics morning very. Dream think worry why worker up open. Our add movement senior material.\nFather share similar hand institution hour land. Certain skill stuff forget design.\nFire always wait save. Long later century price window vote expert establish. I finish smile most price land begin.\nDesign check process staff summer. Fire store manager material under sing product.\nEverything Mrs director total only. Ever Republican but expert Mr off hope.\nChallenge program call town yet see short brother. Hand believe interview win key religious focus peace.\nFast forget account political per young such. Worry mention available each. Play apply form compare one.\nLarge both lawyer man page note white case. Two perform half fill. Increase number subject analysis series than.	7
17	88	Want get expect serve decade professional. Data already themselves population Republican. Have might inside ready seek hold.\nRequire north close available argue. Idea work father.\nPhone detail perform forward industry last institution share. Action high rest usually site base practice. Career sit coach dog green well sing. Common along later trial hundred audience.\nCondition oil minute per mention partner. Along seat even whether rise. Small fact recently opportunity fight.\nHistory real fly song a.\nMessage ask water citizen. Never begin hour side different.\nMr yeah that ever. Those hope series since. Between begin share billion line easy state. Need research material building.\nLeft would trade fact position. Process floor window result require. Send certainly maybe compare explain industry.\nBecause report none while race. South summer rest professional season own remember election.\nSmall product stand do phone. Wait accept miss. Break road defense finally lawyer.\nExpert employee capital less. First those machine person serve.\nSoon feeling church natural. Change all certain officer. Others sea professor new.\nMaybe message long. Receive company born third. Remember according town remember.\nCan per pattern blood hot window industry occur. Require if occur.\nFree quite church play computer meet. Order southern black. Score similar heavy minute better.\nTend amount right edge score investment. Meet raise article return. Put drug including next section I.	16
18	144	Community prove college game show someone house including. Eye leave since back buy animal worry keep. Every project least player amount night. Society style west church blue face movement.\nNext benefit expert stuff speak. Community half well just. Compare go various character huge agency hold.\nCan outside nice interest detail.\nBad look course subject. Thus mean production. In painting large seek need community continue.\nEnjoy he into author book land. Hold style gun against movie local it.\nNo choose off impact can avoid know job. Evidence million tough physical section.\nStill continue again also necessary. They consumer common too home model sing. Than student rock enjoy east test.\nLay water adult until might nor contain. Call on top.\nWorker race black garden. Success author be analysis until media.\nMeasure magazine cell inside national street understand machine. Some spring leader need camera especially ahead. During walk lawyer person first.\nMay with friend improve. Soldier team health several.\nMaterial write beyond test live. Relate level attack remember attack rock.\nSociety walk owner. Discuss may despite once sell dream. Seek these admit.\nDiscover edge to art over public democratic. Player onto nothing coach difficult form thought.\nNote ahead what beautiful scene start eye say. Technology enough small Mrs say. Mission relate end half.\nParent performance author assume. Whole bring officer pressure put. Stop bring every politics.	3
19	44	Long source threat do person. Any cup two school than give ability argue. Risk eye discuss among impact.\nSuccess set key. Professional why fish put western nothing.\nMy order politics cost relate fear team.\nBlack south car friend we put. Past data particular fear.\nTwo product people modern play last share break. Gas will involve last. Goal fast century glass be.\nSell east direction without. Method meet mission after green accept. Thank customer table.\nStore sort reveal investment. Than enough machine main Democrat change discussion. Anyone white into market stage six cover.\nLocal single loss go firm ball peace. Thousand news on go movement. Actually sport charge risk huge consumer ready.\nExactly phone same available base rather year. Training painting door similar.\nAlthough summer way compare. Customer final top nothing health.\nPossible last recent beat without. Trial either serve particular now card in. Should family anyone feeling letter chance.\nLose move wall resource actually machine. Human talk staff reality toward such. This her picture cold least.\nUsually power property group. I manage success fall chance. Two foreign challenge really career stock world.\nInterest often TV history yeah clearly picture. Attention small result series explain effort face.\nFull agreement happy blue wait federal.\nForward beat care whom cut suggest expect eat. Focus speak yes understand when color range add. Hear author old contain resource. Police big nor people crime.	6
20	38	Line campaign see sing. Line to including often late fear.\nOk their prevent religious wife little. Star hold research effort. Teacher cell three media.\nWrong them early field agency. And particularly improve specific.\nRich Mr say without may operation student. Throw base particular continue. Letter like federal treat throughout.\nTogether sometimes first name. Of lead in federal. Position compare even land some year discussion front.\nPossible around painting add career person process successful. Then them voice try phone stay.\nSimply class film institution people. At total want inside billion really economic authority. Enter event party structure.\nForm capital factor morning quite. Down fund beautiful buy TV few deep. Budget direction cut ball.\nWork me travel behavior organization bring. As though artist talk then.\nSchool deep task short research meeting. With local wall young win book.\nHead soldier thus other when. Every fish example you. Deal mother only religious cell practice.\nPrice individual sing process himself southern. Study peace blood. Present attorney leave resource help serious world.\nParticular our its. Success investment hear eye off effect tough. Leg chance must.\nEvidence add voice dog single. You face explain civil role. Charge growth tell approach deal couple a.\nAmong sport rise information. Safe everyone character change thousand. Learn agreement much where yet themselves perhaps. Increase reason visit bed.	3
21	204	Store particularly modern identify Mr. Early save add out city down.\nSite great animal to deal government evening. Seek coach each whose doctor so probably focus. Market consider tough.\nMessage man ground final up goal. Person all one.\nSmile study right majority material our.\nMeeting newspaper woman nation help.\nFund field painting even open marriage deal suffer. Participant movie social bit. Political too energy music others in.\nManager service painting expert information hold nor. Sign seat building west next easy.\nAsk employee magazine part husband beyond magazine. Put reality bed detail nothing.\nSign station sign population. Trade already president lot ever money.\nForce ok key son identify set. Job consumer itself mind some. Whatever meeting individual local drop only.\nDevelop because son into play civil general speak. Outside few check. You address bank ago.\nCan store worry among start something scientist. None full dinner. Science option note through watch.\nPerhaps difference other business move shoulder then. Member painting operation north international small require.\nKnow so center Congress account wear tonight deal. Address nothing visit without dark. Shake understand we only many marriage whole.\nPretty visit late continue teach away take. Hair key vote star conference.\nOver PM of drive least inside.\nHard open fill. Son tax board agency. Us figure maybe director if challenge what.	4
22	297	Brother for husband field. Threat condition time movie mention fund degree.\nWill nice end than public recent then. Leg protect simple.\nNext what up start morning. Many best piece environment certain sign.\nFocus case how. Now officer air.\nTogether bank early place. Including water amount.\nCenter nearly reality effort surface help single. Fall true common miss candidate. Our piece establish indeed.\nFind same within there. More oil until that.\nMother firm commercial work production.\nReligious crime minute arrive. Experience almost play sure arm leg leave. Hand stand look strategy.\nFinally control staff never again win boy. Goal concern tree our.\nBut structure system know analysis light unit official. Number her bill up. Democratic someone fall heart fire side anyone appear.\nCheck food address education theory. Evidence research family wonder town middle. Free claim month money catch amount.\nAffect particularly act. White test understand better lawyer.\nHead full yet report attorney since. Teach space teacher big national near individual. Blue hour check source.\nLife determine way each surface. One interesting policy. Doctor mouth address according.\nReal relationship candidate other break nor myself. Detail produce ago kind.\nPoint probably stop return force few. Set term rich run century responsibility talk behavior.\nAmerican civil surface among. Debate nor success.\nEffect well foreign shake yard. Never stay kitchen Republican study whole play.	7
23	90	Against particular organization player society experience early. Relationship note total guy. Recent store ready believe.\nProduce growth under. Southern expert fine medical wife only forget.\nTeach billion information central all. Leg hair economic fill. Night environmental both.\nBase dark spring best. Situation year yet car. Miss clearly late worry different expect long station.\nTime service cell event really personal. Decision bill fire treatment. Tax role television money subject reduce individual detail. Pull feeling place sometimes consider play international hospital.\nPeople attack move. Remain cost often though understand usually attention. Reach science parent other.\nEnvironmental performance summer. Toward important increase about hope medical political size. Seat adult center any seat economy large. Task simply pick discover increase economic.\nWait little run nation myself article. Certain crime baby say increase election when thus.\nBefore how theory relate choice physical. Baby hundred trial imagine imagine economy room skin. Stage color good also sport street.\nFrom truth cost citizen five finish. Respond phone still citizen them.\nDirector three education short including wrong. Low traditional to ground child late success.\nKeep nature per hot contain position. Step specific agent.\nStructure lay tax level through. Thank view line cut. Culture agree forward clearly difficult recognize subject need.	18
24	233	Director note picture side his last edge. Friend sport future top.\nDiscussion relationship spend Republican realize. Husband Democrat election reduce reality fund. Establish represent need same often health.\nEnvironment in return current. Minute edge guy school line so box. Today spring natural.\nPiece who physical. Large improve case night both idea wide.\nSpeak body poor near watch. Knowledge cup benefit really.\nChurch nothing that fear model hotel form offer. Camera ten rich another hot body ago.\nMinute before safe thought. Person certain information significant music. Would bring her simply police.\nWho bit father apply until level. Wrong the out me do focus hold past.\nEstablish each color opportunity life. Water official state effort. Avoid debate less beat purpose ball wall hard.\nStand sound economy value we especially purpose.\nTrip foot human water forget analysis great.\nRight rule several series discussion management skill. Firm seven because anything site remember four. Happen try where among ago. Claim produce close home force.\nLoss owner culture rest. Boy parent its term. Call capital share air.\nDifference price week society rich. News great agency computer rather suddenly education. Here fund share treatment trade.\nLetter compare over true here receive community none. From administration dream us animal the white. Officer son read fish sign positive risk.	18
25	284	Cause fall manage white again modern. Win per attention music site amount morning specific. Hair ready fly perform need smile.\nCongress focus travel. Half company night sport wonder. Career group Mr thing although ten.\nCouple nearly Mr cost. Worry world officer response concern animal house. Oil mission mission above history.\nGlass market democratic race first financial. Moment answer great lot mouth life husband prepare.\nRoom economic safe idea look. Easy light think popular. Sell Mrs help never. Environment those vote individual.\nCareer third couple cut. Part right model tell ten could assume. Close card fine month institution rise.\nContain agency goal identify during. Seem through individual read fish population arrive often. Work must ask we road.\nPresent kitchen home cause history information. Field address personal establish each record kind. Air represent some.\nFigure once raise lawyer west usually. Skin season control ago treatment. One fight kid every range.\nNear next reason. Purpose foreign travel nothing view to week. Treatment despite cause.\nSignificant to tree assume you church person. Address level radio hot result.\nIndustry hold brother base article where tax. Of young though international song fly any. Plan husband vote position.\nSection pattern consider medical score clear whatever. Soon ahead front court though and call. Doctor well join central. Must guess money somebody production you.	17
26	153	Through situation administration. Girl employee write sure security. Money teach commercial recent must. Thousand it watch like.\nPay others test article issue president. Himself marriage half option camera. Kid play much interesting central focus who.\nSon environmental image writer. Own evening apply show agree find.\nIssue central page teacher clearly create home. Before decision network hot police. Pick direction everything before fast.\nTrouble new meet month bill. All environment page item throw. Instead building onto else.\nValue bad former life traditional organization every write.\nMusic test seek amount partner. Material beyond check foreign. Mission free true indicate from.\nCultural knowledge your power picture thousand. Night mean college hundred rich tend.\nLate interest possible father find skill. Ability more happen task decision.\nGround road discuss popular eat before. Pass thought party rock young million movement. Light pull head arrive team manager skill garden.\nEvent relate imagine paper order. Speech public woman wife.\nA he dinner unit reveal know. Computer doctor wish these inside describe. State within strategy position institution.\nRecord process of follow area. Film dark alone and structure. Final loss sister very father responsibility.\nBillion example nature chair difference plant ask.\nWithin town all thing reach exist water. Beautiful avoid live ok relate affect particularly.	6
27	41	Last present those do Mrs spend kind nice. Will since total identify this least.\nPretty each everything yet add subject. Usually evidence usually attention free. Man each involve almost including.\nSong trip way whether main government.\nDraw energy she daughter political. Travel way quite certain level change lead. Heart office treat officer win business woman.\nHere approach ball sell third operation impact. Score stop door fill inside health. Fight race detail national nation.\nWhen require six approach.\nThrough truth site until possible build set local. Blue within imagine material shoulder floor. Push tough officer top box money team.\nWoman wait fund during a my. Easy science court if poor.\nAssume off institution effort nothing.\nEffect last Mrs without effect. Poor away himself. Class send response everything according picture. Try like fact assume part environmental interest.\nCollege country push. Forward commercial television every bring run character. Number husband training laugh.\nManagement available main seem gun while sure.\nPositive keep he visit size successful question nation. Player newspaper effect simple. Difficult future middle hold.\nNew by single. Carry newspaper hair cut also low. Arm story kid far collection past wife part.\nHear serve decision film seek bad house. People record guy by public see management rule.\nThree force board.\nImage maybe involve day open morning attention.	5
28	63	Power school owner type election hospital. Fall sing five read professional truth.\nFirm few kitchen return drive. Take build energy list population really. Top easy last measure several.\nClass Mrs dream. Building society realize suggest health.\nAlways nation pick whatever husband third. Hotel wait much.\nHundred camera recognize college. Why pay despite something tend.\nEnd near blue red. Color degree accept focus yet share.\nNews share hold. Still indicate bag true close reflect visit. Relationship your material magazine work.\nWar ability like themselves power. Appear hot begin poor size its. Person husband cause stuff energy according chance.\nSeason describe television wear so success power.\nOr land spend firm glass rate field. Affect discover stage will get.\nOthers reason decision. Happy yard our establish perhaps. Still find available contain contain.\nCertain energy car nearly happen health data among. Political music ask drop baby class class.\nOf finally attention husband. Vote hundred indeed environment. Type capital test long window prove cause sell.\nI behind night right hundred just. Article debate include drop.\nPass prepare among road. Maybe worry have prepare. Themselves friend growth town. Discussion partner travel early performance knowledge us.\nNone building method drug ten only beat late. Still simply will five thousand trial first. We pattern me today ago debate nature hundred.	13
29	188	Hair eye stuff indeed. Past eye wall.\nSoon population hair past billion never course. Group apply general produce learn performance tree.\nGrow game your wide happen these. Place short store myself.\nAdd into move green grow. Take people experience magazine billion until quality.\nEnd situation return. Tax hotel but rather for plan throw year.\nTalk form never vote treatment require. Area ten Republican subject.\nAttorney within food serious her put them.\nIncrease water continue walk they color. Provide seven task toward improve. Tend alone under recent dog.\nStore season most miss time. Instead not especially happen. Give traditional follow have.\nAgo none must trouble. West so never box high. Movement toward cultural employee vote author.\nSeason ever cup agency big reason. Hotel each well environmental head.\nToo state could chance adult church. Doctor charge in meeting.\nOfficial book your sea two. Look official interesting health health improve.\nFund early gun head system real week think. Trade police our. Same base right despite.\nView near worry mother admit bed first. Letter certainly strategy.\nQuestion expect practice response daughter job seem.\nShare consumer be certainly realize culture customer. Defense gun page nature site. Including local range return central herself.\nBring executive point science. Citizen poor can election service administration marriage. Subject mother apply check business.\nSpecial four increase form young power. West they at beyond wall.	8
30	118	Series second each plan reveal. Oil blood far. Maybe power prevent movement those make plan. Meeting security collection meet author show director look.\nWorld guy window either six. Eye trade music.\nNecessary example trial. Parent material tell how beautiful.\nChild various such. Quality yeah front remain. Ask affect laugh write we.\nPhysical after lot something choose keep condition back. Allow notice much wait rate next.\nWhether world less need character make myself indicate. In board give talk necessary there. Charge hand notice their enough beat describe.\nChurch the data real society along last. You argue use nor add company top respond. Test reduce yes culture president assume pass. Whether truth pay bag region north.\nApproach month picture doctor west. Program read house some however cultural consumer. Against until finally focus.\nClearly forget weight surface better. Prevent sort act right discussion.\nWear station mission social form PM season mission. Pass exactly offer work politics sign. Nearly evidence development back forward. Star campaign draw direction page officer red share.\nServe bill when top agreement year direction. About shoulder fact something town. Alone visit above statement wait add write.\nInside rise plan space evening population identify. Us sport capital understand organization prevent.\nDifference between trip whose heavy Congress professional. Rich present leave report structure.\nQuickly region more partner. Nor figure approach option surface hot.	10
31	187	And question child top generation catch. Side color particularly over. Happen course force face visit not individual. Interview when listen here better score.\nSeries central late summer drive guess wonder. Company newspaper remain which scientist decide meeting. Back act explain involve.\nGun police significant risk Republican population weight. Serve use argue certainly. Ground through indeed ten.\nSouth brother so impact of senior cover. Tell garden population relationship.\nClose bit hit add century listen. Actually son hear end.\nFamily night Mrs politics increase agent. Back buy forget.\nRaise really across worry cover walk behavior. Water bill southern human recent capital. Per lay speech.\nBetween onto think article. Into family notice everybody. Help down major listen risk beat.\nOil rather pressure I across. Deep available consider development perhaps.\nSound employee its whole now lose a. Under possible trial white follow.\nEveryone inside expect happen their field it.\nCar song lead our brother including. Crime exactly ability trade. Her action build possible. Should her drop respond local treatment.\nUnit wide million. Most eye wait government need big. Work much strong learn.\nYes simply north condition Mr front. Front center hope cover.\nPattern edge marriage along. Present church raise hour still class between. Little election bag similar.\nParticularly young first place school. Often four return produce feel. Fall yourself side phone about operation.	4
32	203	Realize matter soon after on. Keep tax enter center.\nApproach respond worker know reveal for. That may director PM organization not.\nRule resource their image. Above watch sell thousand get might head. She research remember couple leave pull resource.\nHeavy bar glass Republican guy. Type moment practice wrong friend between end. Your serve large statement.\nCollege catch character section. Artist different focus year maybe financial because. Sound five study important.\nRate score hard any. Character anyone skill knowledge board appear list. Actually character risk reduce soldier.\nGame last write course catch possible act. Per side today economy. Break choice she recognize many.\nTerm tree community woman blood ever realize let. Various attention stage future. Word law usually young commercial in.\nIndustry tough condition enjoy season water technology. Write assume yes him itself. Feeling camera tell debate.\nTv change blood. Word song enough north.\nWater environmental evidence stand sort animal recognize. Space yet eight green whatever.\nBody onto involve value. Quality get certainly offer the how. Artist note he when skill.\nYard baby himself guess paper. Civil any because common difference nothing. Chance official public establish another yes.\nToo report indicate respond officer coach attorney. Recent artist sound fish government truth. Laugh study city young board factor.	10
33	264	Suggest science perhaps agree teacher occur recognize. She baby represent difficult view generation day. Light change response high.\nLawyer fund painting skill environmental. Effort must possible campaign imagine woman on. Church modern their surface between pay.\nIndicate either model security our coach. What address attention Congress. Movie finish big exist. Action that director manage election down.\nLose military religious exactly matter. Finish cold hard they. True issue positive child while on.\nOpportunity you society. Sea pressure which vote rate receive official medical. Again father fish heavy number than.\nGet material become hot. Parent fact seem all.\nWeek candidate either why sign sister. When matter son new dinner most crime. Cell inside ago.\nEveryone season factor option pressure. Chair race by surface Mrs camera teach authority. Week care popular large interest clearly life both. Friend go keep surface central pressure.\nWeek forward deep now process. Threat class natural assume crime interest seven owner.\nPrice who manage southern human design. North teacher alone treatment see him worry campaign.\nGood political watch attention letter then. Peace again south record task. Girl big administration scene effort police.\nFive yeah sit indeed consider support. Wind sea ten imagine perhaps. His stop possible door whose something design.	15
34	297	Material see whether involve increase share seem. Student hotel senior view.\nFactor seek you second medical. Second feel late see born. Mrs dream effort later few new.\nDiscussion development player machine. Want west three wear subject.\nTrue line account animal night window return. Serve how actually walk.\nReport energy car say protect growth financial.\nNone approach spend leg build article. Data they social collection which leg while again.\nQuite daughter resource. We cause stuff learn because.\nFly with foreign send sure. Knowledge may source practice anything very.\nWest school national position decision least little. Meeting consider sing party.\nField rule approach. Have city wonder affect employee city style.\nLater relate child stand. Resource discover meeting government measure citizen available.\nOutside understand executive son not manage allow. Force term tax worry. This evidence we.\nPlant chair skin sport rich specific each. Take case you author arm. Your different door within medical article improve.\nProduction food tonight popular finish before instead live. Guy probably idea late partner choice trip talk. Campaign tend professional save provide blood ago common.\nDown thus leader place production generation project. Game peace technology.\nDinner agency ok first bag offer instead. Conference central spring feel. Not where will store summer. Support reflect provide turn.\nMedical appear contain option company look story. Offer receive its size before doctor discuss.	2
35	208	Argue rise the chair way rest. Beat history opportunity far face right reflect. Part argue visit.\nPurpose them life through player message. Common health usually lay month clear pattern. Third level past word today.\nSuddenly now create give think information mother. Suggest size policy dinner particular little director. Strategy only fund stop how. Begin whose work become.\nVery option prepare alone player director ago. Minute land in marriage activity. Author movie hundred fact little day stay.\nAnd scientist international figure. Add administration personal learn generation point.\nYes base figure despite.\nOk conference music seek employee professional wall. Exist room add degree mouth own. Bill land deal however agent better.\nForm agency significant campaign. Door sometimes news scene grow edge international.\nWhen citizen raise century site experience. Meet yard interest its receive I. Friend manager audience hard if second.\nChurch purpose how social kid feel action. If eight just goal very.\nNotice the assume only air its happy. Value by follow miss. Maybe though room.\nHospital husband above majority learn eight attack. Institution early help under according purpose. Physical nearly possible building identify agency western. Site thank quite question key detail.\nDay recognize third baby hot president hold. Tv head indeed great when eat. Story interest trial expert possible.\nTree capital peace attack. Who main sure discover we human alone.	19
36	103	Couple remember theory tend despite. Machine now us various during. Better spring benefit commercial. Affect you standard at agreement day.\nNeed fund significant certainly low condition. Guy Democrat agent audience participant standard.\nInterview political she lay use. Gas resource whose chance opportunity tree apply would. Political sure interview several need vote.\nWall grow election artist early assume fly. Entire wish rest media police. Purpose eight young other. Center visit that.\nFather paper owner develop bank rich mother. Decision chair film past.\nForget nation season share. Factor move involve same oil production cup. Player couple happen indicate knowledge record new.\nEmployee into world vote national although. Arrive road company range. Election save remember century.\nBy ask impact memory raise.\nEnergy before charge use through thank. After peace open purpose project. Child speech marriage.\nEverything same responsibility truth. Law debate lay east contain. Walk brother protect near everything ok boy.\nHerself become gas concern yeah.\nVoice ok success film strong between. Never range green feeling little accept. Ago wish western speech.\nShort to allow check know election agent. Before bar station always very. My without everything under report unit.\nMaybe tend north those it against. Word what question alone guess. Worker fund action very child.\nAbout activity without candidate compare how. Apply image high future.	7
37	276	Own require phone positive perform main. Economy central choose anyone prove. Enjoy six for.\nTest resource challenge partner move new Congress get. Director reveal edge benefit. Number per political debate sense style.\nDegree level away remain space practice. Big success age plant behind industry administration. Perform bring network modern past information.\nCommon education alone recently. Senior operation marriage across instead discuss.\nThose occur scientist reflect. Rest debate trip movement PM. Recent nor author everybody rich.\nBetween young politics religious free institution. Defense newspaper minute hundred.\nHuman easy deal bit something pick. Building prepare response middle edge language mission. Game pretty color.\nWord development admit drug something. Only claim wife discover whose vote wall. Pressure share step character political.\nLeast with room evening gas perhaps manage find. Energy maintain story minute environmental tax personal.\nWonder society similar them develop perhaps poor. Against year administration person check such source point.\nEnjoy rate glass similar. Probably avoid those.\nInterview very sign analysis cup. Very minute occur perform five someone professional. Page film worker.\nExist task campaign third back manage continue. Dark yes what fight third ground enough.\nPartner thank yard. Character market take feel air. Development practice enjoy well.\nCompany wear music population. Commercial generation strong adult school.	16
38	164	Yourself century life. Decide stay what without focus power nothing.\nPlay cup skin student above artist. Store early language try. Voice skin end hard within. Term economy time floor help give move.\nChair data hit decision create difference cost. Sure travel tree physical. Spring win main glass its. Develop three able office.\nLast like about price apply very citizen sound. Year management American.\nLead between wait bill. Represent into involve want record bring today country. Nearly Congress own candidate best we religious. Fish poor for late none seat heart.\nDetermine manager necessary remain message expert color.\nNow prove actually memory within something remain. Early wind compare human represent. Figure treatment city trouble sign start side.\nSix since expect fear beat address explain build. Community culture sound technology. Week whatever defense big rule.\nAssume return student couple next who professor east. Win take executive various line sure.\nSpeak letter ago indicate. Institution child field policy affect accept. Evidence issue factor discuss challenge order large.\nLevel difference similar work standard. Special later company add participant must with consider. Teach nation analysis.\nBox glass cell choice describe. Just everybody dinner true kind find. Help surface big reveal.\nLocal place physical condition different. Then fight agent play step list.\nMember realize attention thousand hundred cold goal. Move interest thousand the pass.	15
39	146	Clearly power member generation of. Right unit pick cultural. Thing others subject manager design.\nEstablish certainly enough hot.\nThen in consider American. My investment we forget again. Make rule table forget about kitchen evidence.\nSing officer man. Maybe west list campaign cut box old. Picture half little decide federal.\nMeasure capital half here senior read because. Where suddenly service within identify his bed. Bit know source maybe remember land song some.\nSeason product young when oil case. Health bed project because drug.\nGround still sometimes approach time suggest choice. Language office leave assume case.\nActivity before certain. Seven religious but term have. They see they simple that training course recently.\nHalf board alone day specific visit. Value image thought whether job ball.\nRise continue one great read share.\nSuccess civil find edge story. Leader son feel meet must full. Low many could result letter. Around common exactly her couple with improve.\nWell about walk station radio every at. Help concern it serious.\nSkill sure these rest but.\nHuman store experience protect region. Direction community clear than want lot hear meeting. Later cold hard.\nPerson support trial less left. Late store argue. Teach movie community vote key.\nData affect public event finish occur. Specific Republican candidate speech growth. Gas seek task but write perhaps.\nEverybody size entire interest. Produce day stock cut result learn court.	19
40	6	Industry great energy usually back dark manage. Off during sort field mouth southern agency. Whole very state.\nTerm soldier democratic stay dog law trip. Cover since beautiful appear low office.\nResponse that around cost. Culture morning special style light focus fish.\nResult if effort allow whether remember. Exactly today health without. Seek at reveal letter detail.\nAnyone myself after draw blue. Visit anything opportunity politics trade see. Lay stuff where become.\nBoard young decade choose perhaps. Whose next claim figure house city. Person political development couple.\nClear explain then assume south and. Special talk thank friend cost.\nWhose behind environmental true reach. Loss beat remain three long create offer. Produce experience phone chance prove occur.\nSociety other wear involve. Pretty how public surface source hospital program. Prepare imagine reach water same such.\nSouthern TV decade. Firm answer off two Democrat his audience. Radio represent catch teacher care nation easy.\nRoad sit science after hundred. Table down represent position character marriage. We air nature his.\nAllow member detail gas. New enter plant. Ever turn type model raise.\nDirection receive indeed season always force. Bring he center soldier. Collection southern director security coach boy popular present. Late station building charge only hair.\nDevelop town million machine night we red. Against fear attack company new. Rich store determine back majority program.	7
41	97	Good sense public unit cut character discussion. Wrong service section tax customer.\nAny heavy accept realize north. Color anything have any. Special theory often our west. Teach western him along.\nEconomy second seem risk. Language should artist example dog trouble. Stock Mrs ready result.\nYourself popular his likely mean. Responsibility race leave herself fine bag professional.\nPrevent argue check so. Economy across business example today.\nContinue skill himself read plan growth pressure. Chair several surface.\nAgain decision teacher skin if. Show guy end play candidate. Note policy perform today.\nNation put color consider minute Democrat set. Feeling morning for least water trouble.\nGeneration life wife trade present court.\nIn box wear leg. Ahead support name century sing. End born whom west others continue. Follow body each force interview whether.\nHome her crime pull itself seven approach. Other important chair show. Personal each into blood land contain. Fill doctor provide.\nStuff up former contain.\nCandidate up oil break investment walk development. Boy after reason street focus quality dark. Safe yes particular.\nOccur there government weight sport. International why them before.\nDegree media if. Sit girl reality everyone ok picture upon him.\nIndicate himself also seek those Mr see. Draw but factor quite sort. Dark various bank without federal at.	9
42	235	Person anything never hot. Nor mention size vote there agent possible join.\nStrategy her voice outside. Head decision exist participant decision.\nPick star live beyond pretty agency. Ball you find number reason challenge radio blue. Player try left left receive morning.\nBudget whether mention election painting order next. Region back collection history sign never. Yard radio break late speak.\nSouthern more space pass. Surface less whom bank building leg four. Hotel pretty experience today cover tough beautiful old.\nExplain along beautiful goal trip top figure line. Like radio century better nearly.\nLet check end record write per. Knowledge education could minute sit. Thank scientist attack race.\nAmerican focus around piece. Nature age make traditional. Feeling relationship great like add culture table.\nChurch relationship job. Walk particular street hold laugh tonight whole him. Inside color glass decide around practice.\nProfessional serve in analysis detail how prepare war. Executive article make morning. Hand single current medical represent common.\nTrial training Republican admit alone yourself audience federal.\nWar parent turn after though similar manager. Become the red area offer. Appear coach commercial hotel shake ground.\nNeed start education human stage for operation job. Car project carry Democrat safe eat.\nIndividual program choose usually already. Charge budget note series. Put drive say southern meeting since.	17
43	146	Situation east model pass. Size family democratic necessary edge big. Drive event language wide specific reason great later.\nEasy hotel watch.\nEmployee campaign sing enough Mrs position. Through instead gas improve station.\nFree conference despite investment. Worry challenge quality.\nLast write finally since cup. Especially shake special.\nBed pay structure early. Knowledge appear role. There organization draw mention.\nPm ground child dinner. Suffer without two. Full beat blue second prepare such green. Key arrive century any interesting.\nCity night sell care. Test save these east occur. Popular group magazine leg set mind land.\nSay reason account people tree cultural another. Day cause war stop whole arm. Clearly bit none physical discover type.\nPiece clear certainly really quite window. Others artist left machine conference interest myself.\nAway region far rather. Young no focus become ability general trip civil. Threat enjoy country upon think yes.\nRelate event partner yard model beyond mention. Lawyer citizen none past.\nContain across majority along include upon. Bed drug protect style remain.\nSound fine budget wind meeting assume Democrat return. Collection power individual sea.\nConcern along imagine understand last. Employee practice deal debate buy end.\nQuite cell out law. Create writer question kind big make. Understand might site senior.	18
44	241	Reduce product certain throw.\nAgreement drop shake letter meeting. Car course any recent nor. Citizen public street most skin next.\nThink develop gun hotel truth future physical. Town interview sound seat worry. Agreement space teacher free entire tax human.\nVery best turn west apply sister financial. Local whose them.\nElse great green but. Until require first discuss still relationship style. Blue detail whose western. Challenge well ready social eat wrong.\nWide go sign stuff serve certainly stop who. Better hour magazine state six. Factor money issue south any. Suggest there customer.\nStep meet police picture fly. Special resource low few democratic once rock.\nCall test series seven talk. Mr often a sit.\nEverything film suggest speak century over. These conference drive night later some.\nCitizen choose several practice yet. Loss create window certain imagine attention test public.\nList often building traditional. Security his back so boy figure medical matter.\nShake author explain lay event stuff price. Still show news most no hour bit.\nGet choose avoid but. Person free condition style interest writer station Mr.\nElection religious seven sort animal example suddenly. Remain line include risk try. Difference door machine risk director fire.\nTrial hold measure feel. Congress rise add it.\nStock glass stock operation visit. Where war anyone agreement hair economic issue.	16
45	71	Drop teacher business list.\nCampaign skill benefit everybody hit. Another challenge loss experience fly. Throughout project television high on I customer.\nSpecial ball work.\nWhich personal thing big. Bar me staff model join campaign whom most. Movie adult large national inside.\nMy group father already. Person conference indicate responsibility often base. Candidate public sometimes baby look traditional.\nDifference executive but old consider. Success government because face. Big six need project bag.\nNext among than late research. Key black if east really amount baby. Raise reason several against act method sport.\nBox door miss officer teacher yes. Audience effect political actually full seat young behind. Film oil hope mind within resource small without.\nPerson action thought before market. Six think responsibility east.\nMemory push sport machine physical together will. His firm store push choice.\nMission husband situation. Want man appear company budget present.\nTerm power which table. Beyond produce reason risk necessary. Nice several area.\nHere rule still shake total nation experience.\nMind last example out itself.\nWhile hear table campaign manage since wear. Take discover together woman.\nMaybe wish look which. Image economy town safe.\nStar brother everything last. Ahead type piece represent energy necessary.\nCareer doctor brother cell age baby. Because keep share design physical court protect reason. Entire also morning where main.	3
46	59	Possible big loss choice from account. Small down toward item about alone politics.\nAble citizen away. Management officer past world project me. Country ten ready air.\nInformation let several behind ok such wrong red. Deep tax he social upon accept today.\nArm last follow. Deep sea together move. Enter prevent cup door bank worker true. Population control easy however yourself should.\nScience member week value join above. Moment concern maybe.\nSocial south person behavior born. Reduce face me place have.\nEstablish although every sport help. Research thousand policy behind blue seven pattern.\nKnow story speech recognize hit within. Room even Republican see year. Get others send.\nThreat short difference material service explain. Test peace make.\nLose fine experience page. Industry guess defense question so keep thousand.\nAmong Republican offer country not organization dark. A job discuss.\nProduce along from score surface. Listen indicate method book want student. Forget government full one writer. Nice window perhaps boy experience television this indicate.\nAdd positive instead line hair quite. Current TV reflect.\nParticularly election concern pretty. Sea quite sport around. Friend raise industry.\nTurn necessary charge change mother. Buy color positive animal. Like gun garden.\nYourself energy know water not education. Section simple education probably participant.\nAfter various society receive get owner. Analysis whole several kind accept soldier discover.	2
47	99	Prepare idea read. Mind manage factor example occur say school. Production analysis hear commercial across bar event.\nSuccessful relate ago strong president. During seem identify main worry western.\nTravel right alone behavior institution others approach. Forget identify serve pay range industry our. Democrat training strong identify order attack machine play.\nSimple must live may idea. News agency pay future occur once interview. Anyone author number prove reach.\nDecide sit second general. Us itself teacher that but. Our involve dream simple player factor.\nPolice song bill. Administration explain single. Eye where measure seem spend market its.\nWhom manage partner write issue choice security. Role drive forget moment possible security woman.\nSuffer television common he media. American water account work college. Writer single parent catch.\nHeart how even street walk. Baby they station candidate experience million feeling. Hospital cause development season stuff great.\nPiece difficult we four trip beautiful participant. Skill place significant cold way who sometimes.\nDifficult bad this suffer different customer piece especially. Week just age medical pass fact.\nBorn learn would. Everything again report.\nSize buy house agency prove smile. Sing answer treatment voice specific analysis condition.\nCatch wait challenge dark choose. Film prepare leg stay.\nCitizen wide building note. Never control wide particularly. Part over official.	13
48	173	Yard apply institution general factor push. Number research new room later pay heavy.\nReady daughter ago community together small. Only evening card senior join American identify. So girl staff anyone medical.\nBehavior five top best learn such. Buy other well wide why challenge.\nResource tell imagine your collection sit much. Guess to itself happy address.\nCharge lay game music enter. Use everyone tell image environmental loss south.\nListen action full week. Fine affect analysis day floor boy truth.\nGo attack interview. Agent move school land community everything run.\nDraw public skill want well option. This deep explain onto.\nForward admit left walk. If economy responsibility third also hundred. Through reveal heart science major together.\nBillion surface and east boy herself. Herself pressure to old.\nFall describe value service because. Reach find know.\nAgent debate often. Site next white loss particularly serve. Author support true your worry have plant.\nHistory American feeling serve watch along here. Cold ability exist safe head political. Compare evidence ever information.\nTraditional tax little series memory. Simple my same imagine song business. Onto condition down with resource investment.\nItself study sister study now. Raise painting responsibility see win more reason either.\nInterest majority west which receive.\nArgue away if such actually. Call matter rise wind to seek. Start bit this show small prevent against.	17
49	279	Present tonight space respond everybody build. Truth amount event respond. Film note behavior born week thought.\nLearn oil five identify economic manager possible. Result end here budget.\nIt like computer word could free discover. Here land man spring evidence. On blue edge require.\nPattern pick rich quite fly second. Gas present tend cover become face.\nRight commercial among various. Population check read no cost treat TV.\nPush throw sign marriage teacher. Law option ahead young national box quickly. Market eat tend my effect.\nRace body nearly story follow scientist few.\nAnother fall coach could stand. Standard pick try second authority hospital above. Gun five our party enjoy.\nScore third option serious.\nReady he already matter. Us history himself move group. Product enter miss.\nWonder sometimes home company note. Necessary happen no almost level blood stock. Possible particularly measure no.\nSpeak brother so factor. Necessary public many like.\nLead hospital blue bit actually. Toward sister plan list organization both.\nMedia style teach nation agency range nothing. Concern information want heart.\nHit total office image agree offer. Science fly government really rise enjoy.\nWife feeling rule. Store like side modern.\nReligious outside long white meeting. Risk draw almost happen policy continue. Knowledge shoulder him. Push none process head evening Congress.\nTake rich Congress toward decision training difficult. Image between decade smile. Program kid court office.	10
50	170	School not knowledge election prove station enter difficult. First worry suffer this if. Expect official attorney three.\nCourse style itself reveal production strategy.\nThat event experience miss own. Including style each next he read. Nature month spring conference.\nCultural concern attention. Ball yet today reality.\nTrue I what probably east position different. Lay position data.\nMore book seek owner happen. Last ok likely manage enjoy.\nEvening base loss writer or. Call four maintain quite that road. While wonder tell.\nAcross father doctor value. Entire serious rate difficult. Focus bring record several yes agency money. Guess score though audience card once.\nThank star page wait stop. Increase thank hair human public himself. Policy tax carry long.\nIndicate tell attention he finally teach find. Painting financial attack.\nFoot development later happen. Amount heavy remain. Possible through center.\nDream sure born to whatever sure describe final.\nFactor town develop hope down voice. Knowledge each involve our back set party.\nThis situation show hot ever sound style. After improve thank.\nRock form to popular her weight. Issue phone central enter country still. Assume law still full stand.\nCitizen in probably continue identify success. Factor indicate should cost apply age.\nSay decide enter or color college. Success who check team.\nWord forward raise any determine movie. Owner situation good catch speech better.	15
51	285	Tough executive finally on today voice the. American party discuss often parent chair position water.\nStay develop church term whatever cost.\nPlan official capital as growth news. Find itself lead animal wear condition lot. Realize various professor economic step interest figure.\nTrouble wife air around. Whole meeting realize newspaper building I leader.\nOption who might year. Rule theory clear leg able focus very.\nBy scientist professor bill story rate whether. Team price recent floor sing cost.\nOften remain sense piece recognize. Believe play billion lose term financial. Thought short support.\nHope majority garden especially morning. Term carry effort star star free.\nBuy include more state or large act. Play field left where hand listen include word.\nThrow take detail notice total. Result specific deal law by save.\nStyle receive likely and data a such. Like participant pretty two tree nothing music increase.\nMethod certain music as deal pass. Design south development side.\nBehind seek over quite seek. Me business very air ask unit.\nGuy above mouth rock state fish. Section begin model. Rate interview style scene today population.\nResponsibility staff risk star. Card color involve movie.\nPolicy almost travel oil. Contain test rule stock.\nWorker site glass return evidence. Nice thank follow statement range role. Development address way simply not.\nUsually maybe ground million. West find responsibility miss Mr. Deal organization should something shoulder our after line.	5
52	89	Mr near huge middle on just. Keep society meeting more half determine. Book discover thousand audience task successful.\nBehavior physical thought fear.\nSpace stock partner him support radio. Stay analysis fast rock.\nTreat lose knowledge visit operation. Soon minute moment herself himself will. Instead cost choose over situation oil network.\nThen however level daughter. Skin region site outside treatment. Which road quite class toward.\nKey contain pass other western. Push see part a. Close cover claim individual trial region window.\nHard training single crime. Behind important once guess economy I case talk. Scene rate perform kid reach join article agent.\nThrow owner west term field. Control professional story should avoid.\nNecessary within development decade party person society. Center senior central however.\nDraw describe later range. None sign fact certain. Job effect remain work season degree garden.\nWest case modern open evidence join. Man executive must where.\nPoint almost another receive happen water western. Room education data TV. Style song expert institution challenge.\nWonder international however. Significant air sense product so.\nHouse key ground key be card right camera. But some baby sea help.\nBlack music anyone speech help.\nThousand receive religious only itself almost blue. Ability white board determine.\nDevelop everybody continue not particularly collection result. Knowledge everyone none carry man.\nReligious reflect hot still suffer provide one ten.	15
53	167	There market dark front indicate accept main performance. Huge high daughter throw for five carry. Pm spend effect just employee work all.\nStuff wife long soldier government. Girl build do stand call seem.\nShow especially believe unit. Itself catch live memory describe improve modern better. Charge certain how.\nFinal leg grow mean local. Everything worker today war.\nGovernment impact process senior recognize beautiful. Father participant move.\nNext feeling both near. Drug result million man first enter task.\nFish account information expect avoid chair. Almost sound score class skill machine. Night exactly rather employee situation hear ask.\nInteresting reach wonder crime beyond. Player guy maintain consumer. Age wrong fine lawyer yes.\nKey role lot dark during well reduce. Find indeed audience surface. Street across ask meet show different my.\nExpert stand anything father event recent. Accept law we between view.\nWhite research likely maintain sense. Thank within rate develop star.\nFar face heart name reality line focus. Provide center citizen then.\nEspecially write fly oil speech wait by school. City police well data.\nStyle pressure serve appear newspaper.\nYoung great culture end religious little. Food hotel by within. Perhaps manager issue teach.\nGovernment detail seem enjoy. Mind indeed PM call artist there degree.\nKid try third tough. Hospital body what sport plan we.	6
54	255	New the grow crime family. Financial wind single career sort not. Then where mention chair opportunity board.\nBorn consider reality. Clear clear how son western.\nBest oil food. Know knowledge free new.\nQuestion single consider protect only later.\nSame indeed believe on along owner chance. Fund policy reason next.\nAgainst another degree. Her to your lose. Together fish relationship number.\nFinally happen conference wish like top. Major approach nothing wait generation right heart.\nRealize world much.\nI mean car authority once true. Thank exactly out similar.\nBring buy hundred popular term across. Mrs section leg team animal such.\nCenter traditional example me past social official. Interview voice particular actually enjoy actually score. True daughter appear share have worry place.\nWhom many myself late here weight. Trial rather rather air.\nBehavior voice health itself. Along culture page task to.\nRole want manage wife your. Claim democratic story rich somebody month education. Follow analysis field north along experience treat will.\nSkill current line financial purpose able key. Everybody pass employee technology. Evening economy cause huge participant marriage clearly.\nHome event strategy away difficult art. Break will power.\nWater usually field surface game probably class. Possible have religious order agree image. Hotel call point.	11
55	229	Also Republican large one. Body nor they sing big mind. Born arm allow.\nWhite concern piece.\nChild they American she space.\nNot attention general better common. Better street television player around great. Report west decade exist conference. Image job politics quality personal food three girl.\nPast final support particularly feel. Chance challenge recognize approach study specific fish across.\nAlone if later talk start might fact. He data chair imagine campaign.\nStrong six toward do conference. Increase ahead specific trouble suffer western himself.\nIts scene it. Long full eight white federal.\nRegion remain hotel. Home try item dream. Necessary leader wide.\nIn exist end your case road. Through discover forward season teacher indeed year. Sense store agree reflect after necessary note.\nStrategy court girl. Wear government subject price.\nHour maintain successful school.\nMaterial station boy before somebody son training add. Thank on benefit view decide better. Mention notice daughter sure effort administration.\nDo doctor cover material. Figure age contain might song subject. Material arrive partner indicate clear thousand fly.\nEvidence artist collection know. Same east police. Degree deal artist arm about key.\nBed trade both political can artist pick wide. Sure finish involve central history central. Public success base situation very foot run cell.\nWhat remain fine maybe official I.\nCamera charge lay high partner. South fact though memory. College doctor step.	4
56	189	Section walk exist yet. Exist current talk off reach defense.\nIts provide process war run teach. Social bill nor culture national stand travel.\nSeat trial close. Wide actually system national character range already.\nSchool condition several present behavior. Meeting by while thing deep. Speak phone focus young. Glass soldier early no mission apply.\nStory article early history few. Whether ahead difference nearly TV adult news. Team run even would dog. Action owner our ball natural order admit.\nWorld help candidate wait. Stop president fish join. Fact owner politics city.\nPay fight fish base. Someone now accept huge board box. Particularly recently assume eat yeah speech finally.\nLaugh catch husband bit might. Even involve level certainly.\nBook condition little lose call she. Available buy able war present. Gun character writer record TV both step.\nCoach professional relationship not listen example rich. Response education music great subject party. Fly could animal anyone second add according.\nProvide hear project purpose beat short away.\nLoss opportunity real wind if. Team important specific color system blue. Industry consumer indeed deal will skin himself. Look person buy maybe who.\nSouth box parent gun TV bit light record. Every her difficult article. Open different former ever something physical just.\nAround little director. Expert modern affect argue finish. Bar large church bill.	9
57	143	Them thousand soldier edge still.\nWoman late prove growth point development personal.\nFront trouble authority up international. Main small skill ground new so appear. Remember room box increase occur ground.\nConsumer now soon quite strong accept thank music. Rather never Congress.\nRather sport bring bad. Environmental material help describe.\nNice could wind factor staff style. Suffer table statement energy arrive.\nConcern too option.\nAnswer according fast play owner. Book nature each rule throw director one culture. Job ok ahead write.\nWho leave behavior continue drug interview western. Later control despite everything table.\nSingle check suddenly discover. Condition include all organization.\nDo heart business price defense. Eight relationship explain perform. Couple reflect must where officer get. Think news city beautiful model product under each.\nPerformance figure unit modern. Report outside military newspaper. During sea stuff behavior organization.\nThose record visit family. Suffer authority may be. Reach debate see tell. Determine area box manage partner around after.\nAvoid out occur just. Sport market quickly skill industry moment. Never receive live meet reflect local identify.\nCost somebody then yeah. Painting full cause second order. White strategy position brother me later.\nAbove civil long stock tell significant the. Claim shake dinner participant. Weight share rest.\nBox certainly site region and. Often phone culture court decade.	8
58	170	Team beautiful total reality woman program certainly night. Ten quickly chance. Answer play indicate draw beautiful sister evidence.\nReflect owner yes opportunity. Wish talk top surface each. Right physical establish.\nSong with price because itself water side the. Her such almost indeed effort writer scene.\nResource training reflect. Military contain say after cultural state.\nAble loss perhaps often between ahead nice. Position site those southern time. Receive sign alone statement many themselves.\nCarry as production claim available everyone. Would total bag sell him report. Try one view put shoulder whatever deep drop. Budget former want manager painting letter stage.\nFinally over allow add around term opportunity. Wall memory last part color mission hope. Whether under simple couple simply.\nFigure past because create. Nation better away phone city tough.\nMedia agency case state practice various popular. President test standard wish similar time.\nFall strategy apply best film interview arrive wrong. Experience scientist anyone recognize stay.\nOccur help picture degree edge. Tell country meet begin range control.\nHusband TV include chair commercial light right. History sing class soldier. Their model always attention require generation color. Voice edge manage question ahead.\nEntire consider two business field imagine yes. Discussion sea knowledge special. School inside market economic word wish feeling clear.	20
59	265	Say get test movie safe economic phone student. Note media new specific again rise. Simply recent nothing agency else. Back management to fill.\nToo without because learn I. Deep truth form box reality sort attention. Agency like production body.\nFocus yard specific draw officer budget writer. Because our attack act. Reason notice how. Crime music soldier sport.\nParticular develop great. Wife budget whom. Shake new wonder both benefit ago. Without dream enough threat policy sometimes heart look.\nThis few serious keep population how buy. Act common how natural feeling cold under air. Prove focus real likely black sense onto.\nHour attorney through eye foreign perhaps include. Summer ten cover bar responsibility where. Town effect lot situation have culture collection.\nSchool usually wait at reality into beautiful. Movie poor community body get.\nThroughout growth society personal dinner discuss their where. Support no wait police tell skin.\nContain prove very base they government beyond never. Staff physical mission loss. Radio wife have why.\nYou determine star way after room. Create price wind film pay save team important. Truth east ago growth color face. Break school green large opportunity pick impact.\nHouse produce black east but. Program through again member.\nTreatment should thought picture relationship but whatever theory. Response sure as voice finally. Wind rule worker capital what food message knowledge.\nProfessional off eat ball. Begin want throw writer.	9
60	289	Affect case dark production offer. Writer represent decision billion technology little in. Federal school anyone star.\nRecent pressure still. When believe arm behind however change compare against. Relate practice later majority enter.\nToo year may. Name expect early plant process.\nHappy hundred of to billion. Plant century onto chair manager.\nEverything daughter practice outside society it. Bad door improve need card later force wish.\nWife once system TV culture production even. Company especially wide quality effort power. Him ground from next soldier term.\nFree word television. Hit sign media start around. Least challenge space big station gun together.\nScene hear again to explain. Laugh answer loss thank senior newspaper war should. Different evening peace young. Hospital space or majority allow conference across.\nLead pull smile increase. Position understand actually president adult usually act glass.\nBoy either election administration ask this. Black charge population response. Public recent feel reveal late nor instead.\nWhom general late miss meeting investment speech. Window political authority position.\nNear concern team keep. Catch or suffer get. Sure course pass on around require answer executive.\nCandidate into understand dark perhaps price hot. Let course stand center dog rule.\nChoice sport dinner clear.\nLarge hear life student. Say still officer maybe single later operation.\nThe would nice. Our into start.	6
61	41	Process financial fund Democrat mouth friend continue decision. Shoulder stand health may camera eight specific.\nBehavior little open hair true nearly final. Figure language explain.\nIncluding no like. Hard single network security pull.\nTrip culture along material. Question part prepare there sometimes himself plan.\nIndeed must carry myself sing. World would decade relate. Thing total sure majority card admit.\nWill lose religious your ok. Leg suggest center quality natural nor cost. There thus beat father news.\nChallenge action eight green. Pattern can quite interesting.\nDifference lawyer concern year early dinner foot. Television require beyond better. Write special name price teacher evidence fire.\nParticularly available seek. Join test hundred science for anyone life role.\nLanguage writer operation. Them large system positive life. Eight second season son food. Agree bring that range beat some determine think.\nExecutive debate work seat local eye today.\nLow success board herself artist candidate true through. Argue goal benefit decade consumer senior.\nShort set practice scene drive keep. Treatment star Congress. Tree hospital deep five hope radio claim.\nParticularly customer could another full exist. Century material where seat lawyer color seek.\nRule floor chair major share sense. Impact bed leader. Station ten always appear house so whatever on.\nIn head scientist test push manage hot Congress. Sit tonight face. Southern look up tend check above.	2
62	261	Machine approach officer interest today. Appear hair loss yes sort American professional reflect. Poor many knowledge participant room.\nTable law assume them. However note company fear relate. Wonder activity floor single.\nMatter professor up herself term bit others game. Look class interview during.\nBy finally civil family discussion. Clear few suggest quality station up third.\nReligious deep walk dream. Sing black traditional budget here culture certainly. Down without return western night.\nState front development dog. Out focus four around option manager. Bit watch sport experience someone.\nRecognize strong party political when section thought. Four view this tree boy. Song attack listen long.\nSuffer central condition four different pull read minute.\nAddress amount visit someone become red. Evening information over often.\nOffer thing window. Remain Mr their simply how area remain. Ok of hit health position sport beat.\nBase name clear across discover out. Factor record fall home.\nShow painting protect movie treat watch billion. Key where trade.\nSurface lawyer management high only. Process fast per sit hospital price difference ability. Officer world edge improve benefit return environment.\nImportant surface spring life task organization. Alone ready employee staff nation. When your leg who.\nHelp skill scientist into might low go machine. Cause floor that her. Enjoy hit worry.\nProduce who discuss piece mean yet. Though realize him expert truth rather.	5
63	210	Hair all return man realize democratic baby. Reveal always environmental source exactly soldier eight body. Everyone think beautiful indeed place total.\nNow business night vote open compare president medical. Couple rest moment point.\nFull own at reveal professor specific. Home center our I every note answer.\nCurrent check democratic lead. With price nor though. Difference everything sort most.\nTown practice tell draw day student money. General sense state avoid price example avoid science. Court get politics really.\nStay final commercial agency hotel into. Rich occur senior instead conference buy artist.\nRecord or movie certain under. Stuff Mrs discuss sign effort why effort. Reduce let season impact.\nSpecial significant worry art. Ball yourself rate main game article phone. Society call organization.\nLoss television structure policy seat you.\nOwner site foot performance admit.\nHair quickly event second vote education. Measure drug would add trouble music else. Key law church require land film.\nImagine stock for month event. Part student next worry necessary agent western. Seven travel various own.\nRange woman cell white simply it participant.\nPublic clearly agree center. Car Congress position budget tend good like. Big poor both smile its.\nSomebody debate suggest language people source return would. Sure look effort question threat. Sense recently exactly step couple grow fill. Commercial else federal gas describe.\nPresent detail one. Glass reality expert.	9
64	244	Another what course. Analysis onto could minute ago despite view Republican. Born the cost write race.\nRealize arrive tree expect detail commercial fast. Future center better fund office. Ground song staff Mrs.\nScientist wonder because energy Republican hospital nation. Feel bed statement share raise skin. Third local card exist away road type. Knowledge important word or.\nKid strategy move feeling position music. Leader cultural coach agreement ahead.\nCould arrive almost unit three dark lead. Show else simple.\nPut rule person official.\nAttorney chance focus past. Once campaign pressure their certainly begin political.\nReflect perform this.\nAllow improve special west especially today phone. Fact positive instead space ago professor gun life.\nAmount truth many where. Risk own move two fact whom. Court front fire play two house.\nGo argue both policy. Field whatever paper nor play improve truth.\nTrouble find top over news fall carry. Position test wonder want. Book film scene campaign.\nInvestment material less job. Manage establish economy whose upon.\nInteresting everyone simply cause. Evidence myself if provide scene officer.\nListen black fly role.\nBall generation note send care either paper. Republican sister type degree amount student sit mean.\nSection why medical natural say. From control process likely network attack.\nIssue out score.\nCourse since example usually pass. One political she they medical else need win.	14
65	297	Major be prepare eat election beyond trouble. Out short term.\nWorker without dark. Drug before order box describe lead.\nMiddle want program nearly. Themselves leg again program likely door himself. Land commercial mean class push consider.\nEarly rather debate campaign public moment. Decide worker ahead throughout discuss.\nMeasure international world five score southern news able. Debate notice huge job administration field fill. Catch church easy car cut campaign throw.\nDegree forget sit life many. Believe structure need analysis find medical.\nFull hotel prove action. Nor seat million crime agree us dinner.\nJoin less soldier write. Member day drive government. Record pick choose idea.\nUse million thank current lay receive. Ability budget provide alone. Effort almost sport third surface piece happen.\nChoice sometimes market major. Trip politics several lead teach hotel attention. Beyond threat view meeting. Arm vote total short democratic admit they almost.\nManager anything dream section possible would station side.\nSerious argue performance not east among. Much whatever agent group ahead who. Someone street small purpose.\nNight cell couple any. Military year argue let benefit hair.\nPressure no peace. Such food add hundred section senior.\nMain action return shake be card by.\nPicture institution story girl. Reality commercial usually just like own discussion. Society doctor fire accept wish state. Try magazine dinner team rock area.	11
66	251	Friend other sort for. Begin score four only effort. Write newspaper minute culture character nature pressure worry.\nWeight base control nation economy. Policy fill nor. He spring raise cover.\nCompany nation think in kid. Produce feel step also.\nMother throughout case any especially turn at. Boy thing letter increase chair policy result.\nSocial provide reveal play.\nCall behind growth together production product. Language smile carry special garden out either. Central old require usually attorney.\nJob industry avoid arrive seven administration rest. About wear city seek culture change size. Great book through.\nSeries window story enter audience across. Maybe bit on quickly clear house remain.\nAlready she process really character despite second color. Rule government seek others condition around recognize.\nSound exactly force each land word act. Use order to high image cup list.\nResponse toward front still level. Knowledge glass skill send management meeting property century. Individual fill practice hospital market society point.\nVisit through form majority become save again. Tough military fill address light behavior end.\nStay although through significant police. Ask enough they.\nFuture start task common dog no. Company body life clear few vote along. Husband particularly forward whom moment.\nPay rich world. Room group pick. High we kitchen meeting.\nCommercial answer thousand teacher. Low language hotel get off take sure tough.	12
67	147	Example keep war ask morning pull performance road. This second serve fast last wall fish. Law thus song add on better.\nDream partner option bit though part property follow. Vote five effect.\nBoth or near.\nLarge wife answer thank modern smile. Step social here suffer term key three. Business tree program power with fill.\nAudience window bed tax hard describe still. Part Mr mention there.\nDirector summer meet doctor. Activity PM next piece adult.\nParticipant meet successful cost vote. Exactly tonight light enter who personal during.\nBlue not develop adult. Class study tree kitchen floor knowledge bank.\nTask discuss through old once not event interview. Despite quickly will well international international.\nNot store audience hand. Authority contain store heart nearly travel wear.\nBehind school agency design explain condition this. Affect see often relate. Begin impact after treatment write.\nAvailable expert move. Nature follow side seat idea. Off second old thousand.\nShare born serious animal success. Fast just know reason.\nChurch foreign center admit. West arrive charge coach.\nFront must minute woman eight. Despite brother our subject seek experience low.\nLive race doctor.\nStandard cover hard section. Program eight concern stop shoulder. Benefit drug important organization interview only. Partner whatever section.\nBall political tend tree instead professor leave. Unit view pretty also close say. Party make citizen scene himself.	5
68	29	Rather nor receive election husband hard. Step receive situation. Message western soon.\nWait short rather especially bag. Lawyer also art imagine science spend free.\nExpert walk around ability production magazine off. Couple shoulder compare statement.\nSupport dream argue including personal. Claim relationship thing owner audience side. Various why fire movie wrong itself prove.\nIt knowledge together again strong partner. Girl thank to mother ok whatever challenge consumer. Toward should report board draw drive yourself.\nSystem increase in student wide series art. Become term there building between. Seven local money different enough yes.\nDrug before safe result answer. Really natural response above operation result manager.\nIssue within support position such goal. Between young message wish ready. Ten society focus while guess ahead say.\nSummer budget operation. Draw dinner actually buy thus. From should material.\nResearch institution point physical who follow. Carry wind half huge their. Picture show I task laugh investment. Hear list decide like.\nSeat truth main where at edge fish. Rest hard stand simple force. Fight agent blue cold direction reduce together. Top music change world tough dream such.\nBrother group between tend simple. Ten throw fall soldier parent trip throughout. Season understand around consider per heart once.\nRather use range. Behind animal since fall simply father.\nType take response rest live catch bar. Memory garden third religious.	3
69	206	Low reach end their all administration. Without effort kind base you example able. Remain customer various car soon.\nOld improve way safe. Human interest response sit bad money. Remain organization bar per long nearly against challenge.\nIt different beautiful speech picture. Source movie something financial contain.\nRecord begin product clear structure religious development. Nearly budget skill child across catch.\nHimself coach agree. Law crime growth.\nWhy risk TV task effort join. Organization guess sing modern professional others. Year discuss get of.\nLanguage middle able while similar share. Have role what across weight.\nEverything and they member fast federal. My better remain common nothing affect piece.\nAdd turn result force game most college. Enough likely trade ball bill. I always season onto manager section level.\nShoulder right back example line tough. I professor speech particularly movement. Contain up lot.\nPressure anything price story our name my. Save be lay expect really rise. Why else market purpose.\nStructure face goal start price relate remember address. Group rather something. Knowledge society between industry soldier daughter order.\nConsider our address feeling. Might other five. Process even discover treatment somebody.\nCan class watch. Soldier fill less yourself our.\nBefore ten born. Edge manage audience paper tonight age human. No interest myself sense report upon. Exist politics score idea school despite.	13
70	289	Would leader artist yet. Community into media blood.\nEver center after amount item many treatment source. Contain left pull effect meet.\nElse positive however fill item. Media manage condition and run remain door. Shoulder whom doctor people surface.\nUp arrive need realize join. Spring staff company many such walk only customer.\nOthers several music star continue. Fight write song five bit staff company fall.\nDefense approach experience price stuff. Once election no letter ever store agent. Office certainly sell such base trip consider.\nInside notice school artist white most. Most training allow game bar.\nMethod far remember race. Without grow technology much when.\nSouthern strong talk bag school expert feel. Foreign shoulder today hand learn ever. Believe focus smile on out seven entire.\nToday pick statement hold during recently full. Learn reduce expert system.\nReach about view kind. Style give smile air style. Best north again let member travel.\nPay majority include political.\nLawyer somebody fill keep suffer across work. Administration six car key almost.\nMost second protect culture either popular factor. Research though especially traditional employee according note. Exist sell blood factor fill Mr poor.\nTotal statement agency seek opportunity have certainly. Then quality student forward animal direction join.\nSocial security single idea environment bank leave. Area stock because health value.	1
71	113	Report rest year important couple. Plant save positive catch. West them chance man our speech reveal.\nForeign meet feeling amount PM. White she activity interview dinner option model. Southern wonder artist program firm.\nRise suddenly understand beyond. Health response authority performance effect remain line. Care today purpose often each although course. Authority decide receive ready police newspaper part support.\nTend large anyone get. Through charge indeed dog word tough.\nPrepare item TV would national memory care ever. Growth candidate after single they.\nAcross charge physical value office. Leave around easy could million wall.\nDiscover television together she thought process. And various assume send particular one.\nPublic summer according benefit product. Single guy control method. Stock always deal sell this western family. Money tell another local.\nDetail possible reflect instead us. Teacher story his human range. Effort most push fall nation he. Pretty there style picture skill.\nImportant possible feel yeah born president. Rather follow discover check stand.\nOutside science sure develop consumer enter few. Heart whether you whatever hospital second staff. Matter grow move idea one Congress son.\nWill system include whether court within affect according. Civil science television food. Military up know table good much.\nInclude season after do. Try consumer middle prepare new spend. Positive point heavy.	9
72	157	Avoid per ahead hand mother during especially. Hold line artist.\nBrother kind store boy pressure station. Speak left loss well human.\nWatch movement particularly fire step. Yeah individual enjoy still. Relate play contain fight lot see. Heavy if name center item could.\nTonight perhaps its trouble nation player. Chance talk final environment certainly. Out even before turn.\nThose last student would actually my. Sure could physical. Hold phone quite painting yard ask.\nHeart operation wear according audience air sense. Side heart knowledge range.\nFirm hard hit kind. Partner garden away three will. Able expect around day then.\nChallenge receive somebody very them large. Stand mind run him election TV.\nCulture rather improve red. Business surface control ball.\nBook government whose present kitchen part camera. Leg take world surface maybe itself position trade. Fire employee son site amount.\nGood various federal participant management focus federal. Gas player industry interesting. Analysis something begin still campaign. Until wear cup care you clear paper.\nNewspaper ready heart now. Hope stage military student. Eight practice sea really understand thousand young.\nParticularly final dark various determine. Situation partner base short.\nYourself station hold wait station population. Soldier now already remain reflect audience five thought. Wish parent manage available care under most.\nAhead similar campaign together way. Option experience argue notice better possible.	3
73	36	Road even term oil simple. Bring serve total ground.\nMorning again level president. Similar level member stand. Mother fall PM bar.\nCongress both speech nothing far kid. Return method arrive so want door open than.\nCrime whatever make list record sell include word. Walk few woman run usually take position beyond. Stage safe teacher deep face kitchen.\nTeam recognize receive manage all. Focus try show. Woman as expect.\nBoth real sea color so cup. Trouble old contain deep drive rise character.\nGo sound everything medical view allow.\nMan strategy cost. Meet else decide statement guy common.\nRest song garden foot whatever. Able by authority bring carry life. Investment become once peace.\nMachine water occur road pressure. Market whatever field character fall song design evening.\nOnly itself continue beat. Look family reveal region realize.\nIndividual theory someone room fund have. Walk probably author not nor appear. Raise relationship local already.\nSeem seem piece amount. Himself your establish dark. Big test none probably world teacher.\nSome near let result.\nNorth identify indeed bring discussion manager. Positive machine pick group chair issue. Throughout whose author move off just sport arrive.\nPhysical compare lot attack later example. At nor relate likely enough baby why.\nCost use risk back. Left we other data east. Up vote probably understand beautiful.\nSouth live also exactly style interest unit. Describe seek want but someone.\nGreen five fund about notice message.	6
74	146	Far employee course. Cause nearly shake central.\nReach red boy especially chance. Quickly might less campaign reflect successful.\nInstead yard science. Down imagine possible per. Situation girl reach cold.\nPopular military that. Simple forward society before for. Design than policy certainly.\nHand few few leg. Because opportunity economy early sense both.\nEstablish official region much record magazine any. Become office arrive turn citizen analysis high. Sure just many force. Police data miss customer practice fear by.\nSafe wrong list. He my bill perhaps trouble marriage. Each see any wear teach find.\nWhat finally beat member drive per less term. News up bed market effect threat Congress.\nRelationship case store director citizen. Leave option just join deal we sure sort. Source play window.\nArgue attention worry pass meet high. Send live box final six concern.\nOrganization box weight national adult meeting fly. Within realize anything.\nDebate trial present window almost whom. Room green participant will threat week hotel. Network necessary method voice issue focus.\nAppear opportunity garden white. Control onto generation.\nPerson scientist film. Newspaper color serve floor.\nGovernment worker enter family figure natural. Power like job mind young should.\nRecently skill page film stage late none. Five for through include total vote.\nInclude everything member consumer level increase. Tv if mission whose language clear evidence. Girl unit take must.	1
75	270	Item phone suggest team resource born. Position serve never forward. Share investment free language she determine.\nSeek later lawyer job product perform. Indeed if must fight.\nMeet which your. Decision develop piece free.\nForm kid help attention per. Able computer mention keep factor fish keep goal.\nBit research interview bring. Chair go consumer fight again. Body soldier air thus.\nDifferent unit it success gun message. Suddenly movie ask.\nHave idea western home share staff. Bed realize quite effort.\nChair other body establish bad possible her. Exactly quite lead.\nWrite call around war trade itself deep. Enter travel center center. New model increase impact amount agency morning.\nMr wind task north church never. Five from interview book.\nHow deal education its friend family bit wonder. Born easy decade number always.\nSomething old and use federal sell. This improve evening cup business woman than. Consumer role former avoid industry.\nIndividual information second fall show ahead play. Behind life home pattern financial.\nFew try nice those picture. Key manage institution amount. Can amount public full military nature.\nMajor decision factor lay court need shoulder. Step during research lose run Republican prepare.\nLeast outside yard. Type it this fly sea foreign. Might people center add.\nThe training network short back. Life consider entire back. Probably recent approach nice food.	7
76	228	Probably leave clear. Necessary north major control he. Present stand all style executive message.\nAnything student require cultural little fall. Life central answer answer. Reduce community friend material. High bar serious people.\nMeasure somebody good contain. Quite international western teacher air might help. Dinner various just market record. Action allow computer.\nTrue your position environment particularly season. Six capital out one of camera begin race. Door green drop truth deal. Glass technology have area something be time.\nJob feel under certain. Change indicate story bit image. Mr job simply important various guess.\nRed whom meet the much. Dark loss successful difference. Media family hope enough.\nScience center lose though lose choice. Thus have together community example.\nLot character dinner method relationship there especially. Power physical future notice action get board good. Network book somebody speak federal follow sell. Teacher attention worry official around friend tough nearly.\nPlace economy rule it quickly hand. Leg guy weight finish series number color and. Option always pay itself adult.\nGo discussion want safe everybody factor knowledge. Add conference approach drive say chair. Management example might to stuff provide summer.\nMovie conference allow middle. Foreign item letter spring but must shake. Pick ready edge feeling choose provide color debate.\nFew trade cover challenge. Talk agency trouble past.	17
77	154	Above college art test major program. Population get force local gun. Hit factor citizen meet much.\nWrite range rate recent store player baby capital. Yet keep area perhaps road.\nYes hundred clearly choose pattern. Majority set able information in. Able material some worker after success difficult.\nCommercial on their specific heavy happen reason visit. Special week sense leg.\nNor future member marriage rule exist.\nPerformance lead indicate game. Hot type similar medical outside.\nSimply score staff former position day. Television call performance use.\nAway stage suggest control candidate sport her. Measure very anything recognize.\nShoulder sport fact wish more. Entire oil into source. Before stand score natural.\nBed site concern find letter probably cut. Nice everybody enjoy various rich. Bank production little somebody.\nBoard section amount onto although. Modern student above third knowledge. Stand financial believe stop price response president.\nSerious some country police. Law between individual energy shake. Change set despite remain second almost.\nHead sister change personal though billion something sea. Hit against trade bag. Military benefit cold light.\nUs they detail certain tonight must. Manager including mouth check yet tonight state sport.\nEnough leave economic chance office national suddenly. Compare skin reason rise teach.\nPerformance learn owner who. Step soon week some produce. Word for along person worry.	2
78	84	Wish just significant nor cover quickly wait. Blood different dream sound. Would matter action food fine.\nOfficer once trial see. Answer any them management front.\nStay simple give high democratic language this. Tell morning former provide old. Compare section region computer movement government easy.\nArm money present all. Authority room husband protect.\nHour rich eight quickly sort ever institution store. Theory image water. Rich ever however resource.\nFirst maybe step your. Ground from expect doctor decide name generation.\nSmile work fly fly.\nFront process certain. Small begin meet few capital skill simply.\nChallenge main strong heavy give approach design. Staff treatment somebody in suddenly could significant day. Recognize bring bed age most Republican control.\nCall one yeah political most worry building.\nSister grow chair conference sit matter establish fact.\nWant what inside season only agent adult. View game international teach attack. Expert good each century bring.\nCenter never population its according nature man. None certain church they. Few collection base leave.\nCatch eye citizen social society effort some mother. Affect law while sport this beautiful. Easy pull shake good act.\nIdea decision improve turn. Behavior others establish instead like compare cut prepare. Minute data environment able information.\nMoment beautiful hour candidate. While man seek alone feel. Report condition chance allow natural art.	16
79	65	Ask successful operation sense firm into. Really rise management real without.\nFollow conference upon prove. His chair public many. Point different dark explain plant fall right.\nNew manage animal or. Property above want hand news section. Month memory most.\nFall sort light blood build until people.\nEven assume pay near operation fish to.\nDemocratic push light. Boy color arrive fall even road lot. Can particular military minute condition prevent able. Financial when along best recent.\nArm western team without customer job most. Avoid heavy situation decide always relationship imagine treat.\nSing possible bank soon time rich onto. Window parent pretty prepare.\nFuture against history space practice teacher his. Add road drive.\nFirst pick first phone ago score north close. Purpose behind politics simple rock science. Keep minute herself teach word star.\nEconomy ever old voice beyond.\nDirector effort radio care teach on. Himself respond clearly economic apply note.\nEnvironmental rate work care experience. Risk color finish town share someone.\nHair hot join similar fight budget sure goal. Likely factor movie despite argue bit similar.\nMarriage still case whatever work. New travel environment for technology. Air find want information star others dark.\nPlace care market rise actually reach. Report onto back. For white under sign throughout teach citizen.\nFigure him available crime themselves. Always beat daughter lawyer.\nMrs meeting fast yard. Sell wide teacher interest figure.	9
80	205	Structure when reduce rather trip reason. Fish language two value.\nAir garden do near from glass. Want feel rock itself. Issue various daughter science interesting source.\nThen organization public exist.\nBe boy likely role these spend.\nDoor forward method attack receive mother fast style. Standard fine group guess instead Democrat south. Not more language traditional special.\nFront state night song. May computer fear about them mother. Skill situation current image tax.\nVote available dog identify but interesting. Huge management draw know decade skin. Another young center such make area about.\nEnter maybe season TV marriage sign. Collection former blue color woman.\nMethod dinner together wear. Throughout main agree production experience.\nRecently art represent green. Action right response magazine above.\nProve entire of majority few writer question. Road usually wall dog.\nAvoid great themselves send mean control. Our democratic station lose have air read finish.\nAnalysis visit fill through record book. By site direction hot seem. Sit able kitchen day sing else.\nWall adult must maybe Republican sister chance. Drop everybody shoulder story draw teacher moment.\nRepublican center either fire. But onto safe order face south.\nArticle seek each enough believe. Could though local anything call. Bag collection phone discover send owner. Long make film she turn practice agent.\nWorker role sea possible expect. Speak generation spring along true particularly.	17
81	206	Church fire company there.\nStrong send our decision treat keep. Before back mind million buy side give.\nSoon then personal thus let usually. Authority anything coach president lose throughout stuff. Either court gas write suffer allow.\nCity past author challenge west positive. Us light bank ready protect. Maybe knowledge too operation office.\nThus design after forward speech. Specific himself allow for. Party four sell talk material.\nMoment too act season season into serious hospital. Couple coach tough spend with. Around continue speak gas during.\nRead see set game class suddenly. Military product left true always water meet. Deal let economic expect despite democratic. Candidate perform discuss stuff myself serve.\nImagine feel hear finish baby management half. Ten these give policy. Policy community me single truth personal.\nBenefit against try decade exactly. Single himself newspaper fast program.\nInside quite quality inside include force. Ball remember theory group but civil. Wide else bad as as miss health.\nIn them miss focus red leave computer. Foreign us country also suffer west.\nDaughter true case outside experience industry. Girl himself next region case would woman. Skin although floor know.\nNorth make explain program include figure.\nWho long teacher sound really learn interesting. Sort television stay way bill politics cut.\nStop produce school they situation building scene. Already example spend garden president expert person.	17
82	156	New popular to establish turn. Media civil above finish deal reach experience.\nDecade hotel election many south his. While certainly manager. Improve different enjoy. Standard off peace stuff.\nOrder technology sort good difference resource song. Agreement fear man explain blood effect. Discover throughout thousand audience for leave happy three.\nLot save art beyond feeling two gas. Manage Mrs several if notice. Religious difficult recognize too reality.\nArm college city good he second. Drop plan idea girl main assume.\nRepublican road stand six hope prevent usually. Republican before a international. Out tell seat leader shake turn learn.\nWay nice city executive model. Line his reason TV personal production green arrive. When might whatever.\nMajority use author. The before certainly think. Many lose amount health responsibility door call.\nBook behavior in event book early head. Worry entire majority shoulder enjoy at foot.\nRace manage money senior democratic tough. Individual eight chance country herself nice author. Job media month nature recently team mission.\nWoman ability bar cover when. Apply ball economy seek energy minute never paper. Above relationship dark detail one sign safe.\nOn could describe ask hundred authority human low. Chance state figure wind over growth. Wish help answer investment realize coach door meeting.\nDirector explain win speech benefit risk important we. Build personal within responsibility. Someone continue speak local.	7
83	108	Particular real sound claim letter dinner.\nBlood final near weight trip. Nearly health however hit fire between free. Hear put husband activity lose.\nReport law down suddenly nature agent. Probably prove country add likely need. Either garden attention indicate.\nBuy body chair. Grow left contain miss. Doctor region within fight resource above.\nGrowth traditional talk analysis in everyone. Few situation difficult store foreign.\nMemory hair official report listen Republican almost. Baby check one president mother.\nItself food light production continue. Second prepare outside rate any picture. Part test nearly western herself and.\nCommercial measure edge letter meet situation. Yes open produce wish.\nExperience forget school yeah wonder top recognize research. Network glass minute manager.\nLife clearly hand energy analysis piece condition. Personal month life section how particular. Play unit commercial director wrong.\nModel interesting body. Voice discuss number. Field cause ready voice agree.\nServe say evening however research again. Yet interest improve side read decision. Understand such every or reveal only.\nWith partner win. Whole everybody partner agreement or. Own house defense pretty space pretty allow. Someone whose quite design among could goal.\nMention hold station wait help room past. Tax drug pick usually.\nWorry Congress get maybe. Education forward smile wife heavy agency work.\nLaugh authority billion company benefit away high arrive. Something teacher than.	9
84	202	Us already guy north prepare. National form five science.\nAffect everybody sort describe might them lawyer. Entire next major or four. Make together send section morning night medical.\nPlant heavy rather manager fish. Better back low be.\nStage staff raise this its. Deal dark forget rise base statement. Young trouble act president free concern. As course admit.\nSpecific top pull bring. Fight prepare set represent black mind what those. Answer scientist road news. Same trip tonight determine energy himself today.\nPartner tax notice draw program. Five soldier investment determine personal. Piece record result price west know yes agency.\nCitizen shoulder college stock. Rich image by know candidate measure themselves control. Manager reveal worry newspaper return those it.\nNow goal suffer measure again.\nThat reach building drug. South next start low history go anyone.\nPay call should. General sell result pattern cultural light.\nMachine activity discover upon. Your study necessary.\nFront door market. Successful require describe billion item how during. Brother southern company fast. Service notice sport manager begin fine focus.\nOld letter environmental better. To difficult south church admit later talk.\nFact information image message campaign person few. Reflect local option check class lead conference try.\nCarry southern truth trial prove. Space happen question end.\nElse order general so back step. Quite recognize visit sit.	8
85	110	Us provide director send hear. Different include mission suggest hard. Effect activity term be event research writer whose.\nImportant mind cultural difference thought matter need. Yard act simply.\nMajority blue short Mr than education. Teacher attack dinner age always. Newspaper may quite order probably write.\nMoney any his road cause should. Simply information alone increase white. College again mind including factor address.\nSchool pattern day light class. Detail huge research pay name off kind.\nHold performance give in green could environmental. Enter professor likely since interest. Effect involve we if. Back arrive start guy cause free.\nCandidate mouth design option election country. Real station put positive where plan ready. Source eye hospital per walk.\nThough threat build item. Line including employee assume memory growth. Also their image place as drive because. Final garden picture argue.\nBetween pick can thousand. Cultural improve building interesting. Want live change southern tend.\nTreat wind turn response local task. Six fast discover above pattern throughout money.\nChair sort much training which chair. East key month cause. Increase class gun environmental.\nSomebody in fine child wish. Staff score gas light key have.\nExactly miss she study. Five add gun find away.\nThere town pretty party. Store recently everyone cultural.\nReality social respond relationship world next along. Something church increase talk.	20
86	265	Doctor when structure fight how according. Language so space woman whatever.\nLearn project eat miss. Staff both especially.\nConcern pull newspaper prevent remain. Action young plan lot.\nSoldier group form a hotel wide beyond. Machine course quality pick decade recent. Big up economy admit beautiful condition billion station. Accept machine land seek understand east year whatever.\nDark service other. Coach baby shoulder. Often skill minute.\nGarden while indicate pretty provide light Republican be.\nRepublican tend personal reality imagine under doctor detail. Special water evening way but.\nProcess bank cell common. Low set over pay class result.\nRequire soon wish few mother five.\nCentral a behind rule young sea report. Million expert political spend realize. Industry buy culture.\nUse health art present. Young analysis option we interesting whether.\nAs collection military. Walk stock factor live.\nLeft health need management ok course. Official citizen space simply because turn side. Just paper him agency.\nTo exist middle do great. Above stage visit live and staff give.\nSomething social college newspaper put Republican. Garden start special goal guess ground identify.\nGame security play laugh finally want audience.\nWonder understand including drop onto year standard. Worker through thank worker defense. Myself company until term wrong.\nEasy high tax fear military despite piece evidence. Act apply must development million believe.	19
87	86	Budget condition order evidence water. Process ok between ball student need toward government.\nChance marriage quite plan appear pattern claim movie.\nLow watch nation realize rich. Can check point. Any east soon.\nProduce travel south population specific may. Carry radio vote word experience. Receive news your big indeed.\nSpecific no eight. Once fill into.\nParty rise close strategy message. So report east fund election minute television. Tv look read girl bar economy action develop. Case step research education join minute drive property.\nComputer respond radio day.\nNow site manage second program. Window approach agent determine I bed affect. Source very human.\nWestern many film enter. Ready situation market future term hit ability. Thus magazine plan bring remember beyond establish.\nGuy central himself send five exactly test. Send in see administration thank report. A end industry.\nMusic difficult receive up state. Radio skill style serve than politics where thought. Summer present nearly affect newspaper.\nWide tonight light present guy sport indeed. Five place exactly cell strategy.\nAffect cell thousand television. Room thought health. Time order box purpose election think watch college.\nSuddenly final work control trouble nice. Fill step address. Be watch TV garden employee.\nCare image attorney opportunity south local fast long. Popular learn lot court technology window.\nDirection north economic.\nShoulder group follow.	14
88	203	Any politics because may.\nLater door reach during. Must those hour step green cut these. Each various home her I.\nOwn health hear PM. Cause character reduce image but sister feeling. Save red song company goal.\nSingle present prevent church. Realize oil left professional.\nRisk control half. Benefit entire particular born stand. Next condition eight guess organization color catch.\nDemocratic each return forget throw president. Central only think improve seem road listen always. Building just community although story thus.\nFish today event again where network. Campaign stand particularly generation.\nPast once receive audience behind yet. School notice choice bank. Hear role impact hard read country.\nGoal manage now crime. Church picture where company Republican section range. Contain see recognize stop information.\nLast treatment message despite.\nForeign believe though. Relationship special hotel choose too run painting look. Body than language when.\nCatch security actually fund believe somebody lot. More training stay life.\nSpeech drug positive ready game. Minute position that issue oil act.\nEnvironment great stop feeling citizen. No kind responsibility time list four. Rest three financial voice.\nEnter beautiful professor must hospital rock image. Sell huge anyone hope young past.\nMission travel so body. Reveal simply fill. Here action there start.\nMedia major similar them week. Color oil though. Role detail anything news either rate military.	5
89	231	Southern true day gas space mean turn yes. Least dog this as ago phone.\nThat past series threat both significant. Gun type attention actually face sign professor. Management man throughout.\nCapital local take focus. Bring history under you house lead.\nRun pick work practice gas nice lead. Question me third answer.\nBring necessary coach hospital very recently.\nFeel practice mother serious good. Protect white too reveal. Season decision sell establish though thus old own. Anything time for bit.\nWhole recent animal thus step piece you.\nNetwork billion say sure peace.\nAccept short which human. Professional everyone individual. White beyond imagine hour write alone. Cold start must themselves buy.\nAdministration occur approach base remember seven seat maybe. Himself discover necessary every network. Value camera I today try ok.\nTotal pattern kitchen point same stage order large. Interest fact southern training. Seat stock contain person happen civil after body.\nShe see water at. Son exactly maintain cut during responsibility strong operation. Sometimes remain design cell write. Short country decision paper opportunity begin involve no.\nLeast possible street herself suggest production hour. Manager development important look money.\nMilitary impact still answer. Study six high fine decide cold change writer. Walk type recognize represent worry effect.\nEverybody mother than note. Production cultural thought order than power only. Thing situation pay bed final structure check.	18
90	13	Again decide yourself race ground assume management. Subject late movie us model. Mrs strong care relationship development item.\nLocal possible cost off. Half somebody be surface huge three fund establish.\nPositive around later radio trouble prepare. A career attention game fact. Soon soldier buy production figure him debate. Major side too total chair life international know.\nTravel nation morning pick guy remain. Debate establish decision statement reduce these. Understand process operation face with political.\nProcess continue probably front. Property require agree majority case and day create. Sister body say arrive.\nTraining best least child act dinner president. Old education past approach claim travel stay.\nBetter rich fast involve. Laugh cover skill consumer us little. Couple ever become agency.\nClearly majority term recently. Business ability matter financial scientist well responsibility. Pull participant deep raise media technology involve.\nWho visit information move. Sort night television.\nEnergy campaign remember collection south think parent. Race picture many section certainly.\nProvide business another. Stock theory establish. Man couple student age.\nStuff company threat house. Partner imagine continue term little.\nTogether expert customer fall role number including. Win support current them nor few. Foreign accept interesting particularly rest even performance.	17
91	67	Back remain understand couple meeting. Travel really positive onto. Wife admit edge.\nFund find dark figure nearly here grow civil. Stop image call team safe. Position to decade chance them present. Industry poor throw onto office.\nCause voice specific reason here official know.\nLose much return realize. How factor game hundred push million. Probably fire recently environment. Safe firm picture author three vote.\nNext city Republican bit third market.\nTechnology very occur machine address. Card once either task institution season crime.\nForward food back do hand. Idea current put not suddenly article water.\nTraditional marriage need west yard many near which. Bit dog size protect sort particularly strong. Happen measure must these debate ready.\nThese doctor indeed table. Soon few mother write popular. Child community me one while attack describe.\nItself answer at notice worker. Too decide tax write.\nChance throw sister at. Professor lawyer his guy. Ability boy window woman plant star woman.\nMention phone himself measure. Particularly memory while religious remain.\nCollection final TV. Would organization agreement fund young reach last. Share performance cut paper fight.\nInclude enjoy will as outside find. Election see reduce discuss wear result.\nExplain myself special tell man group perform. Local year adult out. Each garden father enter.\nToward alone tell parent serious southern. Hour see fund everybody generation. Security environment such own type.	12
92	11	Window dark standard. First home threat city development success ability.\nThere fact agency or series win perform. Ten western system price night born agreement. Science community east street.\nLose debate sit training third participant company rise. Wish current seat mouth bill.\nSee seat top fall relationship big game. Dinner group school recent social game.\nContain physical risk short lead seek. Yet political fund draw.\nGas instead forward reflect. World together see style far.\nNetwork pass enough medical with. Marriage operation cost production image.\nWorker either give. Nearly security thus two arrive. Center reach conference plant early.\nEye air word behavior. Quality country decision nothing rock plan girl because.\nI dream job exist man. View role drive them. On his fly attorney realize.\nWatch also sister behavior bar official accept professional. Tonight carry mention sure describe deal. Thought impact sing itself. Structure no who clearly.\nMinute through century economic success small. Quickly bit among rise space. Heavy development church. Enjoy hit onto indicate language away floor together.\nMiddle thank method fish federal section someone. Protect hot agree food address draw.\nEnjoy operation north result bar difference start. Writer return number total need style any.\nPerhaps hope become because. Rise keep side prevent memory near tonight. Room watch break off stay important.	7
93	254	Debate vote adult her player state both according. Move shoulder top manage.\nBetter enter loss morning most down church. Whatever commercial foreign soon hot station him so. Tax two Congress design enough indicate left.\nQuite note effort story product. Green activity why suggest.\nStuff government store. Form remain summer war fast scientist.\nTrade situation pass price movement behind single. Join manage what. Like act bag certainly.\nMrs direction investment former box forget paper over.\nRate before evidence and. Or appear experience sure either.\nNothing economy college performance him quickly because. Total your test question.\nLead thank prevent. Break yeah common yet way five assume.\nCommon step realize popular generation newspaper start. They community above indeed build.\nSingle near increase couple rest present. Despite call sure.\nThank price letter life memory call. Suggest car past hotel. Offer thus foot practice.\nEither reveal above ball travel detail black. Investment fine book three yourself face worry. Former same direction summer chair reach not.\nControl control speech eat page appear firm course. Do whether bring billion least. More success visit ahead leave learn moment.\nAllow relate person section car never. Customer foreign president national score camera. Reach PM far teach ask sound health.\nPm administration throw specific father Mr. Fund rich ten avoid.\nRange this operation town. South sea officer.	19
94	219	Happen media condition. Short in reflect finally. Ever administration level apply such cost.\nMe body rule vote their science would. As year strong class man. Pick threat amount guess prevent end three.\nDuring final sister. Never election concern shoulder beyond eat. State local true fear ball.\nMuch such month student certain beyond happy. His nation threat worker.\nTrial response growth people during. Rule million which meeting operation music.\nNever find season evidence what smile. Check affect economy knowledge spend visit end support.\nCost actually his east pass town number. Until fall draw big poor.\nHair within player daughter arrive first fish. Because type my group. Music want trouble.\nExpect group direction around night staff put. Recently real enjoy speech.\nProvide reduce call show. Hand Mrs war official professional.\nLeader explain leader. Meet write answer should.\nNewspaper report entire bag. Evening why why lot do nature.\nResponsibility development weight clearly future. Himself difficult computer total author even. Sing treatment left board of crime professor.\nDark grow character group school sell. Task leg choice.\nStory individual state middle thousand hundred.\nShort particularly local bag two. Bag moment language head white affect. Could black always.\nIdea try street author. Drop audience boy whatever hold pull.\nEven around ten page bed. Might purpose character service.	20
95	206	Many only American citizen practice financial. Local Congress room they. Somebody individual leg figure.\nThing yourself southern teacher within. Minute party group at according.\nWorry represent how build expect. Box inside pattern score.\nHow page race skill where. Industry under him him. Quality time shoulder quite career figure.\nOr physical themselves per reality. Consider school really build realize strong nearly.\nIndicate leg adult culture record various. News let class interview.\nLive customer again end remain special.\nAuthor leg allow girl.\nSound movement idea avoid. Brother suggest guy store someone.\nHome civil office a goal social group.\nRun new save behavior course listen adult thus.\nWant will chair. Consider kind rate wear camera worker difference. Clearly statement factor building.\nWork appear attention collection be election turn. Kid result fly bar detail.\nMorning far office ever structure church. Skill week large science each. True leave network fund avoid. Serious evening may value thank American wide.\nHelp page four. Another left keep east already leader community. Author against policy its similar.\nDoor adult knowledge around buy run along city.\nSet social drug argue light score. Smile probably away late kid. Health forget cost prove air fish.\nCertainly five culture yet another explain. Entire single let likely professional list speak.\nFeel simple bank eye. System worry though line cost note name. Personal subject likely indicate. Beat compare never reach.	7
96	241	Cover smile decide skill tax. Field fish anyone moment health character. Others scientist sign poor fight indicate against owner.\nExperience major word idea reason possible. Economic fine best toward.\nBank buy more easy case couple. Play mind treat. Whatever relate watch question everything call.\nDiscover production once think really. Two protect pressure million simple.\nBlue whatever attorney painting see white report. Lot laugh prove identify but space majority cover.\nEnough set color party ok well. Firm feeling large reach. Product business section.\nHappen watch air strategy rest debate tax. Perhaps the step open. Be but available them wide.\nDirector concern manage if check would. How customer situation hundred civil just final than. Truth group enter their increase better argue.\nScientist significant south thing. Home receive life hit manager catch. A produce wonder physical important follow.\nWhat office general notice improve husband break. Likely almost your science theory.\nSound resource successful student around voice. In learn why power like drop pass close.\nLevel assume night reason pass thousand individual minute.\nBlue resource official special away. Every hot college. Administration upon prepare.\nEducation in end. Then truth mission. Dog threat west past.\nRemember administration in land language edge expect. Color inside important present night reduce.\nPay important fall woman culture near. Or mission couple threat. Pretty per answer modern.	8
97	84	Go property while. Rate ever painting race case line. Start although production able buy offer fill senior.\nMove arm standard special.\nLittle focus foot east in relationship.\nLanguage good present level course four their. Near phone rich.\nIts amount nearly world language. Hotel condition party society general.\nCar join opportunity particularly born your rule.\nThough magazine task star chance different sport look. Success sea everybody kitchen.\nMarket year clearly senior ready. Director various born firm race. Prevent pull exist early federal bar figure.\nBody trouble bag meet we.\nShow most attack join. Phone clear performance share.\nPut amount trade story. Deep audience president early instead.\nWonder help its against. Visit item situation most no. Nothing father time piece people article north.\nStudy after body management car firm finish. Expect early she meet.\nItem politics likely edge several book wish. Thank couple within central.\nLaw rather national sit just sound. Voice bring ok special. As idea difficult.\nCover call fact probably commercial. Where yourself small surface want performance help. Culture carry fear anything argue.\nThemselves property dog recently become. Where he wrong travel nothing. Wear mouth production cause.\nCourt campaign must good such. World education represent success many relationship. Under life teach father international.\nBusiness build almost their social food most. Various want develop article reality.	4
98	11	Every concern truth word skill.\nOk same store onto day begin. Develop which another once sing large short half. Measure certainly value Republican most.\nTravel energy particularly. Stage face decision the avoid money chair.\nWhite though member language smile herself.\nFive culture chance court. Minute authority tonight fill. Save officer cell where risk. Response mother return age nice run.\nManager purpose real join it. Break thus hard understand sister our. Consumer growth rest design sound list.\nChoice offer notice.\nLaw far walk benefit education month. Defense travel right science health natural.\nWhat probably sell able little daughter let around. Threat senior official order tree cost moment career. Three test material.\nThought bank along six type blood where. Head traditional wall compare effort exist.\nAbove must people hit blue decision. Control interview rise true issue.\nParent only white help brother water. Decide official message value kind give. Soldier law state hotel.\nNatural us quickly main structure quality public. Answer study see fear pretty source. Spring life provide boy.\nMove training safe bill. Section Congress great since yard event.\nEffort wide until role consider process reduce.\nSummer commercial black training it least. Yard thousand important for. Money want put various his.\nEasy event gun indeed. Meet left discover turn. Statement myself energy fill especially tonight.\nDark travel lot affect suggest. Your add couple report move boy professional.	2
99	253	Still difficult no mention. Budget two exist car.\nNew various career green of once. Difficult other affect generation body. Blood note discover help can provide.\nGroup within authority rise to. Past build picture partner order few truth.\nWhatever prove thought fight set whom really.\nPlayer summer huge time state change fact. Enter when we spring actually.\nActivity many yes ok floor real. Successful structure reason beautiful purpose cold forget. Need street memory its.\nTree moment law single note they. Audience to last each range mention really.\nLine true late machine true large civil. Some we but talk successful.\nChurch institution next will. Yes recent product black tend military conference.\nSource event idea plan theory. Travel church wind will order natural national.\nBit government itself wife scientist agent. Company note various quality form spend cup. Owner free respond audience stock author.\nActually create specific born spring sign evidence. Produce physical goal world husband particular need. Carry give central wonder. Thus suffer special prepare.\nSystem which edge single expect get sell energy. Size save movie beautiful.\nLevel surface never organization important.\nSea million point professor management city when. Street cost meeting although this people everyone. Always interesting break center spring.\nPm major sell little other field short. Oil read food. Example small push strong imagine tell. Peace various ability.	19
100	59	Network across have keep likely officer. Recently those explain life.\nFederal often factor social popular. Political against sometimes agent body.\nScene director best there. Five yet character interview ahead.\nDegree send make focus general. Make talk gun.\nCenter garden after. Area feeling trial ability apply item. Between change word card culture three try.\nArtist range model base apply for lose born. Girl throughout paper instead street.\nQuickly too boy chance your recently body traditional. Follow scene building something relate. Discuss history room she fly western its space.\nAllow century table contain well. Team job so successful service.\nWoman always Congress sister hundred section leader difference. Floor protect popular vote sell himself until. Dark score receive treatment animal which.\nFoot talk produce billion per technology. Partner trip or Mr any drug.\nChurch more happen brother break among help.\nWork tax blood activity life just. College amount during although wide somebody. Decade officer wear seem gas instead series. Eat run risk movement type fine.\nQuite group even compare majority nearly training last.\nI reason term here future. State field office receive any red enough. Moment ability human though dream fill recently. Final include central.\nPhysical word star available as couple discover party. Condition weight organization risk peace draw form.\nReally trade television evening record night should character.\nAct response particular.	12
\.


--
-- Data for Name: users; Type: TABLE DATA; Schema: public; Owner: sydney
--

COPY public.users (id, email, password) FROM stdin;
1	test0@test.com	$2b$12$FP.QNsjTppZ.y10Cxldl1OUrcg.n745d99bBO6VmDK8Lcvd521L7K
2	test1@test.com	$2b$12$E3UwrudQqiGY.ce/uIAJduM8n8Kl49AYP0OUszVQBtH3NSUiVsySC
3	test2@test.com	$2b$12$6MQWfWBpohn8Bxkxtw7euelAWLuzaNPDKHiz7sB7KU0F/SqBVjU5a
4	test3@test.com	$2b$12$buY9vwDsj1yWMmAcRNcD8.vHfqlev1PEXP5rxNC58exYTs3zNkRrK
5	test4@test.com	$2b$12$tQnHnEFdZAL0oXe/qZ7VXup0GmQcMg9xilIRqgQqXCv08UZSmZzHG
\.


--
-- Name: book_images_id_seq; Type: SEQUENCE SET; Schema: public; Owner: sydney
--

SELECT pg_catalog.setval('public.book_images_id_seq', 1, false);


--
-- Name: books_id_seq; Type: SEQUENCE SET; Schema: public; Owner: sydney
--

SELECT pg_catalog.setval('public.books_id_seq', 20, true);


--
-- Name: pages_id_seq; Type: SEQUENCE SET; Schema: public; Owner: sydney
--

SELECT pg_catalog.setval('public.pages_id_seq', 100, true);


--
-- Name: users_id_seq; Type: SEQUENCE SET; Schema: public; Owner: sydney
--

SELECT pg_catalog.setval('public.users_id_seq', 5, true);


--
-- Name: alembic_version alembic_version_pkc; Type: CONSTRAINT; Schema: public; Owner: sydney
--

ALTER TABLE ONLY public.alembic_version
    ADD CONSTRAINT alembic_version_pkc PRIMARY KEY (version_num);


--
-- Name: book_images book_images_filename_key; Type: CONSTRAINT; Schema: public; Owner: sydney
--

ALTER TABLE ONLY public.book_images
    ADD CONSTRAINT book_images_filename_key UNIQUE (filename);


--
-- Name: book_images book_images_pkey; Type: CONSTRAINT; Schema: public; Owner: sydney
--

ALTER TABLE ONLY public.book_images
    ADD CONSTRAINT book_images_pkey PRIMARY KEY (id);


--
-- Name: books books_pkey; Type: CONSTRAINT; Schema: public; Owner: sydney
--

ALTER TABLE ONLY public.books
    ADD CONSTRAINT books_pkey PRIMARY KEY (id);


--
-- Name: pages pages_pkey; Type: CONSTRAINT; Schema: public; Owner: sydney
--

ALTER TABLE ONLY public.pages
    ADD CONSTRAINT pages_pkey PRIMARY KEY (id);


--
-- Name: users users_email_key; Type: CONSTRAINT; Schema: public; Owner: sydney
--

ALTER TABLE ONLY public.users
    ADD CONSTRAINT users_email_key UNIQUE (email);


--
-- Name: users users_pkey; Type: CONSTRAINT; Schema: public; Owner: sydney
--

ALTER TABLE ONLY public.users
    ADD CONSTRAINT users_pkey PRIMARY KEY (id);


--
-- Name: book_images book_images_book_id_fkey; Type: FK CONSTRAINT; Schema: public; Owner: sydney
--

ALTER TABLE ONLY public.book_images
    ADD CONSTRAINT book_images_book_id_fkey FOREIGN KEY (book_id) REFERENCES public.books(id);


--
-- Name: books books_user_id_fkey; Type: FK CONSTRAINT; Schema: public; Owner: sydney
--

ALTER TABLE ONLY public.books
    ADD CONSTRAINT books_user_id_fkey FOREIGN KEY (user_id) REFERENCES public.users(id);


--
-- Name: pages pages_book_id_fkey; Type: FK CONSTRAINT; Schema: public; Owner: sydney
--

ALTER TABLE ONLY public.pages
    ADD CONSTRAINT pages_book_id_fkey FOREIGN KEY (book_id) REFERENCES public.books(id);


--
-- PostgreSQL database dump complete
--

